timestamp;black;green;red
0;0;0;2
1;0;10;1
2;0;20;2
3;0;30;1
4;0;40;3
5;0;50;3
6;0;60;5
7;0;70;19
8;0;80;21
9;0;90;19
10;0;100;3
11;0;110;3
12;0;120;3
13;0;130;4
14;0;140;4
15;0;150;4
16;0;160;4
17;0;170;4
18;0;180;21
19;0;190;19
20;0;200;19
21;0;210;21
22;0;220;2
23;0;230;1
24;0;240;4
25;0;250;4
26;0;260;3
27;0;270;4
28;0;280;4
29;0;290;4
30;0;300;21
31;0;310;21
32;0;320;21
33;0;330;2
34;0;340;4
35;0;350;4
36;0;360;5
37;0;370;6
38;0;380;5
39;0;390;6
40;0;400;20
41;0;410;23
42;0;420;21
43;0;430;22
44;0;440;21
45;0;450;5
46;0;460;5
47;0;470;7
48;0;480;7
49;0;490;8
50;0;500;7
51;0;510;7
52;0;520;7
53;0;530;22
54;0;540;23
55;0;550;22
56;0;560;7
57;0;570;6
58;0;580;7
59;0;590;6
60;0;600;8
61;0;610;7
62;0;620;7
63;0;630;24
64;0;640;24
65;0;650;23
66;0;660;24
67;0;670;8
68;0;680;7
69;0;690;7
70;0;700;8
71;0;710;9
72;0;720;9
73;0;730;8
74;0;740;24
75;0;750;24
76;0;760;24
77;0;770;25
78;0;780;25
79;0;790;9
80;0;800;9
81;0;810;9
82;0;820;8
83;0;830;9
84;0;840;9
85;0;850;25
86;0;860;25
87;0;870;25
88;0;880;8
89;0;890;8
90;0;900;8
91;0;910;7
92;0;920;9
93;0;930;8
94;0;940;9
95;0;950;8
96;0;960;9
97;0;970;25
98;0;980;23
99;0;990;5
100;0;1000;6
101;0;1010;8
102;0;1020;9
103;0;1030;10
104;0;1040;8
105;0;1050;8
106;0;1060;9
107;0;1070;24
108;0;1080;26
109;0;1090;25
110;0;1100;25
111;0;1110;24
112;0;1120;7
113;10;0;0
114;10;10;0
115;10;20;1
116;10;30;0
117;10;40;1
118;10;50;3
119;10;60;16
120;10;70;18
121;10;80;19
122;10;90;19
123;10;100;19
124;10;110;1
125;10;120;2
126;10;130;2
127;10;140;3
128;10;150;3
129;10;160;3
130;10;170;3
131;10;180;19
132;10;190;18
133;10;200;19
134;10;210;19
135;10;220;19
136;10;230;0
137;10;240;4
138;10;250;3
139;10;260;2
140;10;270;3
141;10;280;4
142;10;290;20
143;10;300;19
144;10;310;19
145;10;320;19
146;10;330;21
147;10;340;2
148;10;350;2
149;10;360;4
150;10;370;4
151;10;380;6
152;10;390;4
153;10;400;5
154;10;410;22
155;10;420;21
156;10;430;21
157;10;440;24
158;10;450;3
159;10;460;5
160;10;470;5
161;10;480;5
162;10;490;5
163;10;500;6
164;10;510;5
165;10;520;23
166;10;530;22
167;10;540;23
168;10;550;22
169;10;560;5
170;10;570;5
171;10;580;6
172;10;590;5
173;10;600;7
174;10;610;6
175;10;620;7
176;10;630;24
177;10;640;23
178;10;650;24
179;10;660;23
180;10;670;6
181;10;680;7
182;10;690;6
183;10;700;6
184;10;710;7
185;10;720;8
186;10;730;7
187;10;740;24
188;10;750;23
189;10;760;23
190;10;770;25
191;10;780;24
192;10;790;5
193;10;800;7
194;10;810;8
195;10;820;7
196;10;830;8
197;10;840;8
198;10;850;25
199;10;860;25
200;10;870;24
201;10;880;25
202;10;890;7
203;10;900;7
204;10;910;5
205;10;920;9
206;10;930;8
207;10;940;7
208;10;950;7
209;10;960;26
210;10;970;24
211;10;980;23
212;10;990;5
213;10;1000;7
214;10;1010;7
215;10;1020;7
216;10;1030;9
217;10;1040;8
218;10;1050;7
219;10;1060;24
220;10;1070;24
221;10;1080;24
222;10;1090;25
223;10;1100;25
224;10;1110;23
225;10;1120;8
226;20;0;1
227;20;10;0
228;20;20;2
229;20;30;1
230;20;40;1
231;20;50;3
232;20;60;4
233;20;70;19
234;20;80;19
235;20;90;19
236;20;100;19
237;20;110;2
238;20;120;2
239;20;130;3
240;20;140;3
241;20;150;3
242;20;160;3
243;20;170;5
244;20;180;21
245;20;190;18
246;20;200;19
247;20;210;20
248;20;220;19
249;20;230;1
250;20;240;3
251;20;250;3
252;20;260;3
253;20;270;4
254;20;280;4
255;20;290;21
256;20;300;21
257;20;310;21
258;20;320;22
259;20;330;21
260;20;340;2
261;20;350;4
262;20;360;5
263;20;370;5
264;20;380;5
265;20;390;3
266;20;400;21
267;20;410;23
268;20;420;23
269;20;430;24
270;20;440;26
271;20;450;24
272;20;460;24
273;20;470;24
274;20;480;4
275;20;490;24
276;20;500;7
277;20;510;23
278;20;520;24
279;20;530;23
280;20;540;23
281;20;550;23
282;20;560;5
283;20;570;5
284;20;580;6
285;20;590;7
286;20;600;7
287;20;610;8
288;20;620;23
289;20;630;24
290;20;640;24
291;20;650;24
292;20;660;24
293;20;670;6
294;20;680;6
295;20;690;7
296;20;700;7
297;20;710;8
298;20;720;8
299;20;730;7
300;20;740;24
301;20;750;24
302;20;760;24
303;20;770;24
304;20;780;24
305;20;790;8
306;20;800;8
307;20;810;8
308;20;820;8
309;20;830;8
310;20;840;25
311;20;850;25
312;20;860;26
313;20;870;25
314;20;880;25
315;20;890;10
316;20;900;8
317;20;910;7
318;20;920;8
319;20;930;8
320;20;940;9
321;20;950;24
322;20;960;25
323;20;970;26
324;20;980;24
325;20;990;25
326;20;1000;25
327;20;1010;7
328;20;1020;9
329;20;1030;10
330;20;1040;8
331;20;1050;7
332;20;1060;25
333;20;1070;24
334;20;1080;25
335;20;1090;25
336;20;1100;25
337;20;1110;23
338;20;1120;24
339;30;0;1
340;30;10;1
341;30;20;2
342;30;30;1
343;30;40;1
344;30;50;3
345;30;60;5
346;30;70;18
347;30;80;19
348;30;90;19
349;30;100;21
350;30;110;2
351;30;120;3
352;30;130;2
353;30;140;4
354;30;150;3
355;30;160;3
356;30;170;3
357;30;180;21
358;30;190;18
359;30;200;18
360;30;210;19
361;30;220;3
362;30;230;19
363;30;240;3
364;30;250;3
365;30;260;4
366;30;270;4
367;30;280;4
368;30;290;21
369;30;300;19
370;30;310;19
371;30;320;21
372;30;330;21
373;30;340;21
374;30;350;4
375;30;360;4
376;30;370;5
377;30;380;5
378;30;390;7
379;30;400;19
380;30;410;23
381;30;420;22
382;30;430;24
383;30;440;25
384;30;450;24
385;30;460;23
386;30;470;26
387;30;480;26
388;30;490;27
389;30;500;23
390;30;510;24
391;30;520;23
392;30;530;24
393;30;540;23
394;30;550;23
395;30;560;5
396;30;570;7
397;30;580;5
398;30;590;6
399;30;600;7
400;30;610;7
401;30;620;23
402;30;630;24
403;30;640;24
404;30;650;23
405;30;660;23
406;30;670;7
407;30;680;7
408;30;690;7
409;30;700;7
410;30;710;8
411;30;720;7
412;30;730;8
413;30;740;24
414;30;750;22
415;30;760;24
416;30;770;25
417;30;780;24
418;30;790;7
419;30;800;7
420;30;810;9
421;30;820;8
422;30;830;9
423;30;840;25
424;30;850;24
425;30;860;25
426;30;870;25
427;30;880;24
428;30;890;9
429;30;900;8
430;30;910;7
431;30;920;10
432;30;930;9
433;30;940;8
434;30;950;24
435;30;960;26
436;30;970;25
437;30;980;24
438;30;990;24
439;30;1000;26
440;30;1010;9
441;30;1020;8
442;30;1030;9
443;30;1040;8
444;30;1050;8
445;30;1060;25
446;30;1070;25
447;30;1080;25
448;30;1090;25
449;30;1100;25
450;30;1110;24
451;30;1120;7
452;40;0;1
453;40;10;1
454;40;20;1
455;40;30;1
456;40;40;0
457;40;50;2
458;40;60;1
459;40;70;3
460;40;80;5
461;40;90;3
462;40;100;4
463;40;110;19
464;40;120;4
465;40;130;3
466;40;140;3
467;40;150;4
468;40;160;3
469;40;170;2
470;40;180;19
471;40;190;1
472;40;200;3
473;40;210;2
474;40;220;2
475;40;230;1
476;40;240;3
477;40;250;3
478;40;260;3
479;40;270;3
480;40;280;3
481;40;290;4
482;40;300;4
483;40;310;5
484;40;320;21
485;40;330;3
486;40;340;4
487;40;350;4
488;40;360;5
489;40;370;4
490;40;380;5
491;40;390;7
492;40;400;19
493;40;410;23
494;40;420;23
495;40;430;24
496;40;440;26
497;40;450;23
498;40;460;24
499;40;470;25
500;40;480;26
501;40;490;25
502;40;500;26
503;40;510;24
504;40;520;22
505;40;530;23
506;40;540;22
507;40;550;21
508;40;560;5
509;40;570;5
510;40;580;7
511;40;590;5
512;40;600;7
513;40;610;7
514;40;620;7
515;40;630;8
516;40;640;9
517;40;650;21
518;40;660;8
519;40;670;8
520;40;680;7
521;40;690;7
522;40;700;7
523;40;710;7
524;40;720;7
525;40;730;8
526;40;740;9
527;40;750;8
528;40;760;22
529;40;770;24
530;40;780;7
531;40;790;23
532;40;800;8
533;40;810;7
534;40;820;7
535;40;830;8
536;40;840;24
537;40;850;25
538;40;860;24
539;40;870;24
540;40;880;25
541;40;890;24
542;40;900;8
543;40;910;6
544;40;920;8
545;40;930;9
546;40;940;8
547;40;950;23
548;40;960;25
549;40;970;24
550;40;980;24
551;40;990;24
552;40;1000;25
553;40;1010;9
554;40;1020;8
555;40;1030;9
556;40;1040;8
557;40;1050;6
558;40;1060;24
559;40;1070;24
560;40;1080;25
561;40;1090;24
562;40;1100;25
563;40;1110;23
564;40;1120;7
565;50;0;1
566;50;10;0
567;50;20;0
568;50;30;0
569;50;40;-1
570;50;50;2
571;50;60;1
572;50;70;3
573;50;80;3
574;50;90;3
575;50;100;5
576;50;110;2
577;50;120;2
578;50;130;2
579;50;140;2
580;50;150;2
581;50;160;2
582;50;170;1
583;50;180;4
584;50;190;1
585;50;200;3
586;50;210;3
587;50;220;2
588;50;230;1
589;50;240;3
590;50;250;1
591;50;260;1
592;50;270;3
593;50;280;3
594;50;290;3
595;50;300;4
596;50;310;3
597;50;320;4
598;50;330;3
599;50;340;3
600;50;350;4
601;50;360;3
602;50;370;4
603;50;380;7
604;50;390;16
605;50;400;17
606;50;410;21
607;50;420;23
608;50;430;24
609;50;440;25
610;50;450;21
611;50;460;22
612;50;470;24
613;50;480;25
614;50;490;24
615;50;500;24
616;50;510;24
617;50;520;23
618;50;530;19
619;50;540;21
620;50;550;21
621;50;560;4
622;50;570;5
623;50;580;5
624;50;590;4
625;50;600;5
626;50;610;5
627;50;620;6
628;50;630;9
629;50;640;9
630;50;650;9
631;50;660;9
632;50;670;6
633;50;680;5
634;50;690;5
635;50;700;7
636;50;710;6
637;50;720;6
638;50;730;7
639;50;740;10
640;50;750;8
641;50;760;9
642;50;770;23
643;50;780;9
644;50;790;6
645;50;800;7
646;50;810;6
647;50;820;7
648;50;830;7
649;50;840;23
650;50;850;24
651;50;860;24
652;50;870;24
653;50;880;23
654;50;890;11
655;50;900;7
656;50;910;7
657;50;920;7
658;50;930;8
659;50;940;7
660;50;950;21
661;50;960;24
662;50;970;24
663;50;980;23
664;50;990;22
665;50;1000;24
666;50;1010;7
667;50;1020;7
668;50;1030;8
669;50;1040;8
670;50;1050;6
671;50;1060;24
672;50;1070;23
673;50;1080;23
674;50;1090;24
675;50;1100;23
676;50;1110;23
677;50;1120;7
678;60;0;1
679;60;10;1
680;60;20;0
681;60;30;0
682;60;40;-1
683;60;50;3
684;60;60;1
685;60;70;2
686;60;80;3
687;60;90;2
688;60;100;3
689;60;110;3
690;60;120;3
691;60;130;2
692;60;140;3
693;60;150;3
694;60;160;2
695;60;170;3
696;60;180;3
697;60;190;1
698;60;200;3
699;60;210;3
700;60;220;2
701;60;230;2
702;60;240;4
703;60;250;2
704;60;260;2
705;60;270;3
706;60;280;3
707;60;290;3
708;60;300;3
709;60;310;3
710;60;320;5
711;60;330;3
712;60;340;3
713;60;350;13
714;60;360;14
715;60;370;14
716;60;380;19
717;60;390;17
718;60;400;19
719;60;410;21
720;60;420;22
721;60;430;224
722;60;440;227
723;60;450;224
724;60;460;224
725;60;470;225
726;60;480;24
727;60;490;24
728;60;500;24
729;60;510;24
730;60;520;24
731;60;530;22
732;60;540;3
733;60;550;2
734;60;560;5
735;60;570;5
736;60;580;6
737;60;590;5
738;60;600;7
739;60;610;6
740;60;620;6
741;60;630;7
742;60;640;6
743;60;650;7
744;60;660;7
745;60;670;7
746;60;680;7
747;60;690;6
748;60;700;6
749;60;710;6
750;60;720;7
751;60;730;7
752;60;740;7
753;60;750;6
754;60;760;6
755;60;770;9
756;60;780;7
757;60;790;6
758;60;800;8
759;60;810;7
760;60;820;7
761;60;830;8
762;60;840;8
763;60;850;8
764;60;860;8
765;60;870;8
766;60;880;9
767;60;890;8
768;60;900;8
769;60;910;7
770;60;920;7
771;60;930;7
772;60;940;7
773;60;950;6
774;60;960;10
775;60;970;10
776;60;980;7
777;60;990;7
778;60;1000;7
779;60;1010;7
780;60;1020;8
781;60;1030;8
782;60;1040;7
783;60;1050;6
784;60;1060;7
785;60;1070;7
786;60;1080;8
787;60;1090;7
788;60;1100;7
789;60;1110;7
790;60;1120;7
791;70;0;1
792;70;10;1
793;70;20;1
794;70;30;1
795;70;40;2
796;70;50;2
797;70;60;2
798;70;70;3
799;70;80;3
800;70;90;3
801;70;100;3
802;70;110;4
803;70;120;4
804;70;130;3
805;70;140;3
806;70;150;3
807;70;160;3
808;70;170;3
809;70;180;3
810;70;190;1
811;70;200;2
812;70;210;3
813;70;220;3
814;70;230;2
815;70;240;3
816;70;250;3
817;70;260;3
818;70;270;3
819;70;280;3
820;70;290;3
821;70;300;4
822;70;310;4
823;70;320;5
824;70;330;4
825;70;340;3
826;70;350;14
827;70;360;14
828;70;370;15
829;70;380;19
830;70;390;18
831;70;400;19
832;70;410;23
833;70;420;22
834;70;430;224
835;70;440;225
836;70;450;224
837;70;460;224
838;70;470;227
839;70;480;24
840;70;490;25
841;70;500;25
842;70;510;25
843;70;520;24
844;70;530;23
845;70;540;3
846;70;550;3
847;70;560;5
848;70;570;5
849;70;580;6
850;70;590;5
851;70;600;7
852;70;610;6
853;70;620;7
854;70;630;7
855;70;640;7
856;70;650;5
857;70;660;8
858;70;670;7
859;70;680;7
860;70;690;6
861;70;700;7
862;70;710;7
863;70;720;7
864;70;730;7
865;70;740;8
866;70;750;7
867;70;760;7
868;70;770;8
869;70;780;7
870;70;790;8
871;70;800;8
872;70;810;8
873;70;820;9
874;70;830;9
875;70;840;9
876;70;850;8
877;70;860;9
878;70;870;9
879;70;880;9
880;70;890;8
881;70;900;9
882;70;910;7
883;70;920;8
884;70;930;9
885;70;940;8
886;70;950;7
887;70;960;9
888;70;970;8
889;70;980;7
890;70;990;8
891;70;1000;9
892;70;1010;9
893;70;1020;8
894;70;1030;9
895;70;1040;8
896;70;1050;7
897;70;1060;8
898;70;1070;8
899;70;1080;8
900;70;1090;7
901;70;1100;9
902;70;1110;7
903;70;1120;7
904;80;0;2
905;80;10;1
906;80;20;1
907;80;30;0
908;80;40;1
909;80;50;2
910;80;60;1
911;80;70;3
912;80;80;4
913;80;90;3
914;80;100;3
915;80;110;2
916;80;120;4
917;80;130;3
918;80;140;3
919;80;150;3
920;80;160;3
921;80;170;3
922;80;180;3
923;80;190;2
924;80;200;3
925;80;210;3
926;80;220;4
927;80;230;2
928;80;240;4
929;80;250;3
930;80;260;2
931;80;270;3
932;80;280;2
933;80;290;3
934;80;300;4
935;80;310;3
936;80;320;3
937;80;330;12
938;80;340;12
939;80;350;14
940;80;360;14
941;80;370;16
942;80;380;18
943;80;390;16
944;80;400;17
945;80;410;23
946;80;420;22
947;80;430;223
948;80;440;225
949;80;450;226
950;80;460;224
951;80;470;227
952;80;480;228
953;80;490;229
954;80;500;229
955;80;510;23
956;80;520;23
957;80;530;22
958;80;540;23
959;80;550;22
960;80;560;3
961;80;570;5
962;80;580;5
963;80;590;3
964;80;600;7
965;80;610;7
966;80;620;5
967;80;630;7
968;80;640;7
969;80;650;6
970;80;660;7
971;80;670;7
972;80;680;7
973;80;690;8
974;80;700;7
975;80;710;7
976;80;720;7
977;80;730;7
978;80;740;7
979;80;750;7
980;80;760;7
981;80;770;8
982;80;780;7
983;80;790;7
984;80;800;8
985;80;810;7
986;80;820;8
987;80;830;8
988;80;840;9
989;80;850;9
990;80;860;8
991;80;870;9
992;80;880;9
993;80;890;8
994;80;900;8
995;80;910;7
996;80;920;8
997;80;930;8
998;80;940;7
999;80;950;6
1000;80;960;8
1001;80;970;8
1002;80;980;7
1003;80;990;8
1004;80;1000;7
1005;80;1010;8
1006;80;1020;9
1007;80;1030;8
1008;80;1040;9
1009;80;1050;7
1010;80;1060;8
1011;80;1070;8
1012;80;1080;7
1013;80;1090;7
1014;80;1100;9
1015;80;1110;7
1016;80;1120;7
1017;90;0;1
1018;90;10;1
1019;90;20;0
1020;90;30;0
1021;90;40;0
1022;90;50;1
1023;90;60;0
1024;90;70;2
1025;90;80;2
1026;90;90;3
1027;90;100;2
1028;90;110;2
1029;90;120;3
1030;90;130;2
1031;90;140;1
1032;90;150;1
1033;90;160;2
1034;90;170;3
1035;90;180;2
1036;90;190;0
1037;90;200;2
1038;90;210;2
1039;90;220;2
1040;90;230;1
1041;90;240;3
1042;90;250;1
1043;90;260;1
1044;90;270;2
1045;90;280;2
1046;90;290;2
1047;90;300;3
1048;90;310;2
1049;90;320;4
1050;90;330;11
1051;90;340;10
1052;90;350;13
1053;90;360;14
1054;90;370;14
1055;90;380;16
1056;90;390;16
1057;90;400;16
1058;90;410;19
1059;90;420;21
1060;90;430;222
1061;90;440;223
1062;90;450;223
1063;90;460;223
1064;90;470;224
1065;90;480;227
1066;90;490;227
1067;90;500;228
1068;90;510;228
1069;90;520;23
1070;90;530;22
1071;90;540;21
1072;90;550;21
1073;90;560;3
1074;90;570;3
1075;90;580;4
1076;90;590;3
1077;90;600;4
1078;90;610;5
1079;90;620;5
1080;90;630;6
1081;90;640;5
1082;90;650;6
1083;90;660;7
1084;90;670;6
1085;90;680;7
1086;90;690;6
1087;90;700;5
1088;90;710;6
1089;90;720;6
1090;90;730;6
1091;90;740;6
1092;90;750;5
1093;90;760;6
1094;90;770;7
1095;90;780;6
1096;90;790;7
1097;90;800;7
1098;90;810;7
1099;90;820;6
1100;90;830;8
1101;90;840;7
1102;90;850;7
1103;90;860;7
1104;90;870;8
1105;90;880;8
1106;90;890;7
1107;90;900;7
1108;90;910;5
1109;90;920;7
1110;90;930;7
1111;90;940;7
1112;90;950;5
1113;90;960;7
1114;90;970;7
1115;90;980;7
1116;90;990;7
1117;90;1000;7
1118;90;1010;7
1119;90;1020;7
1120;90;1030;7
1121;90;1040;7
1122;90;1050;7
1123;90;1060;7
1124;90;1070;6
1125;90;1080;7
1126;90;1090;7
1127;90;1100;7
1128;90;1110;7
1129;90;1120;7
1130;100;0;-1
1131;100;10;-1
1132;100;20;-1
1133;100;30;-2
1134;100;40;-2
1135;100;50;1
1136;100;60;13
1137;100;70;15
1138;100;80;16
1139;100;90;15
1140;100;100;-1
1141;100;110;2
1142;100;120;3
1143;100;130;2
1144;100;140;3
1145;100;150;2
1146;100;160;2
1147;100;170;17
1148;100;180;17
1149;100;190;16
1150;100;200;3
1151;100;210;1
1152;100;220;1
1153;100;230;1
1154;100;240;4
1155;100;250;1
1156;100;260;1
1157;100;270;2
1158;100;280;3
1159;100;290;19
1160;100;300;19
1161;100;310;19
1162;100;320;19
1163;100;330;11
1164;100;340;11
1165;100;350;12
1166;100;360;13
1167;100;370;13
1168;100;380;15
1169;100;390;216
1170;100;400;216
1171;100;410;218
1172;100;420;218
1173;100;430;219
1174;100;440;222
1175;100;450;223
1176;100;460;222
1177;100;470;223
1178;100;480;225
1179;100;490;225
1180;100;500;227
1181;100;510;228
1182;100;520;227
1183;100;530;228
1184;100;540;18
1185;100;550;16
1186;100;560;16
1187;100;570;7
1188;100;580;5
1189;100;590;3
1190;100;600;5
1191;100;610;5
1192;100;620;21
1193;100;630;22
1194;100;640;21
1195;100;650;3
1196;100;660;4
1197;100;670;5
1198;100;680;5
1199;100;690;6
1200;100;700;5
1201;100;710;7
1202;100;720;7
1203;100;730;6
1204;100;740;22
1205;100;750;22
1206;100;760;22
1207;100;770;5
1208;100;780;5
1209;100;790;5
1210;100;800;7
1211;100;810;7
1212;100;820;7
1213;100;830;7
1214;100;840;8
1215;100;850;24
1216;100;860;24
1217;100;870;23
1218;100;880;7
1219;100;890;6
1220;100;900;7
1221;100;910;6
1222;100;920;7
1223;100;930;7
1224;100;940;8
1225;100;950;6
1226;100;960;8
1227;100;970;7
1228;100;980;4
1229;100;990;6
1230;100;1000;5
1231;100;1010;7
1232;100;1020;8
1233;100;1030;8
1234;100;1040;7
1235;100;1050;5
1236;100;1060;7
1237;100;1070;23
1238;100;1080;23
1239;100;1090;23
1240;100;1100;6
1241;100;1110;5
1242;100;1120;6
1243;110;0;1
1244;110;10;1
1245;110;20;1
1246;110;30;0
1247;110;40;1
1248;110;50;17
1249;110;60;16
1250;110;70;19
1251;110;80;19
1252;110;90;19
1253;110;100;5
1254;110;110;2
1255;110;120;4
1256;110;130;3
1257;110;140;3
1258;110;150;3
1259;110;160;3
1260;110;170;18
1261;110;180;19
1262;110;190;18
1263;110;200;3
1264;110;210;1
1265;110;220;2
1266;110;230;1
1267;110;240;4
1268;110;250;3
1269;110;260;2
1270;110;270;4
1271;110;280;4
1272;110;290;19
1273;110;300;19
1274;110;310;19
1275;110;320;21
1276;110;330;12
1277;110;340;11
1278;110;350;13
1279;110;360;13
1280;110;370;14
1281;110;380;16
1282;110;390;216
1283;110;400;216
1284;110;410;219
1285;110;420;219
1286;110;430;221
1287;110;440;222
1288;110;450;223
1289;110;460;222
1290;110;470;224
1291;110;480;227
1292;110;490;227
1293;110;500;227
1294;110;510;228
1295;110;520;229
1296;110;530;228
1297;110;540;19
1298;110;550;17
1299;110;560;7
1300;110;570;5
1301;110;580;6
1302;110;590;4
1303;110;600;5
1304;110;610;6
1305;110;620;7
1306;110;630;21
1307;110;640;23
1308;110;650;4
1309;110;660;5
1310;110;670;6
1311;110;680;6
1312;110;690;7
1313;110;700;7
1314;110;710;7
1315;110;720;6
1316;110;730;7
1317;110;740;23
1318;110;750;23
1319;110;760;23
1320;110;770;5
1321;110;780;6
1322;110;790;6
1323;110;800;8
1324;110;810;8
1325;110;820;7
1326;110;830;8
1327;110;840;9
1328;110;850;24
1329;110;860;25
1330;110;870;7
1331;110;880;8
1332;110;890;7
1333;110;900;7
1334;110;910;7
1335;110;920;8
1336;110;930;7
1337;110;940;7
1338;110;950;7
1339;110;960;9
1340;110;970;8
1341;110;980;4
1342;110;990;6
1343;110;1000;7
1344;110;1010;8
1345;110;1020;9
1346;110;1030;9
1347;110;1040;9
1348;110;1050;7
1349;110;1060;7
1350;110;1070;24
1351;110;1080;24
1352;110;1090;24
1353;110;1100;7
1354;110;1110;6
1355;110;1120;6
1356;120;0;1
1357;120;10;1
1358;120;20;1
1359;120;30;1
1360;120;40;0
1361;120;50;17
1362;120;60;16
1363;120;70;19
1364;120;80;18
1365;120;90;17
1366;120;100;19
1367;120;110;3
1368;120;120;2
1369;120;130;3
1370;120;140;3
1371;120;150;3
1372;120;160;4
1373;120;170;19
1374;120;180;19
1375;120;190;17
1376;120;200;19
1377;120;210;19
1378;120;220;1
1379;120;230;0
1380;120;240;3
1381;120;250;2
1382;120;260;3
1383;120;270;2
1384;120;280;3
1385;120;290;19
1386;120;300;19
1387;120;310;19
1388;120;320;21
1389;120;330;19
1390;120;340;21
1391;120;350;21
1392;120;360;13
1393;120;370;12
1394;120;380;14
1395;120;390;13
1396;120;400;214
1397;120;410;217
1398;120;420;216
1399;120;430;219
1400;120;440;220
1401;120;450;220
1402;120;460;220
1403;120;470;222
1404;120;480;224
1405;120;490;224
1406;120;500;225
1407;120;510;225
1408;120;520;225
1409;120;530;225
1410;120;540;228
1411;120;550;227
1412;120;560;225
1413;120;570;224
1414;120;580;19
1415;120;590;19
1416;120;600;22
1417;120;610;23
1418;120;620;23
1419;120;630;23
1420;120;640;22
1421;120;650;22
1422;120;660;4
1423;120;670;6
1424;120;680;6
1425;120;690;5
1426;120;700;6
1427;120;710;6
1428;120;720;10
1429;120;730;23
1430;120;740;23
1431;120;750;23
1432;120;760;21
1433;120;770;24
1434;120;780;5
1435;120;790;4
1436;120;800;7
1437;120;810;7
1438;120;820;7
1439;120;830;7
1440;120;840;24
1441;120;850;23
1442;120;860;25
1443;120;870;24
1444;120;880;24
1445;120;890;6
1446;120;900;7
1447;120;910;5
1448;120;920;7
1449;120;930;8
1450;120;940;24
1451;120;950;23
1452;120;960;24
1453;120;970;25
1454;120;980;22
1455;120;990;5
1456;120;1000;5
1457;120;1010;8
1458;120;1020;7
1459;120;1030;8
1460;120;1040;8
1461;120;1050;23
1462;120;1060;25
1463;120;1070;23
1464;120;1080;25
1465;120;1090;24
1466;120;1100;25
1467;120;1110;23
1468;120;1120;5
1469;130;0;0
1470;130;10;0
1471;130;20;1
1472;130;30;-1
1473;130;40;-1
1474;130;50;18
1475;130;60;16
1476;130;70;18
1477;130;80;19
1478;130;90;19
1479;130;100;18
1480;130;110;2
1481;130;120;3
1482;130;130;2
1483;130;140;2
1484;130;150;2
1485;130;160;5
1486;130;170;18
1487;130;180;21
1488;130;190;16
1489;130;200;18
1490;130;210;19
1491;130;220;1
1492;130;230;1
1493;130;240;4
1494;130;250;2
1495;130;260;2
1496;130;270;3
1497;130;280;3
1498;130;290;19
1499;130;300;19
1500;130;310;20
1501;130;320;19
1502;130;330;19
1503;130;340;10
1504;130;350;10
1505;130;360;12
1506;130;370;12
1507;130;380;15
1508;130;390;12
1509;130;400;13
1510;130;410;216
1511;130;420;215
1512;130;430;217
1513;130;440;218
1514;130;450;218
1515;130;460;218
1516;130;470;219
1517;130;480;220
1518;130;490;221
1519;130;500;221
1520;130;510;221
1521;130;520;223
1522;130;530;222
1523;130;540;223
1524;130;550;222
1525;130;560;223
1526;130;570;224
1527;130;580;19
1528;130;590;19
1529;130;600;22
1530;130;610;21
1531;130;620;22
1532;130;630;23
1533;130;640;24
1534;130;650;23
1535;130;660;6
1536;130;670;5
1537;130;680;6
1538;130;690;6
1539;130;700;7
1540;130;710;6
1541;130;720;23
1542;130;730;23
1543;130;740;23
1544;130;750;23
1545;130;760;23
1546;130;770;24
1547;130;780;5
1548;130;790;5
1549;130;800;8
1550;130;810;7
1551;130;820;7
1552;130;830;8
1553;130;840;24
1554;130;850;24
1555;130;860;24
1556;130;870;24
1557;130;880;25
1558;130;890;6
1559;130;900;7
1560;130;910;5
1561;130;920;8
1562;130;930;8
1563;130;940;24
1564;130;950;23
1565;130;960;25
1566;130;970;24
1567;130;980;23
1568;130;990;5
1569;130;1000;5
1570;130;1010;7
1571;130;1020;8
1572;130;1030;8
1573;130;1040;7
1574;130;1050;24
1575;130;1060;24
1576;130;1070;24
1577;130;1080;24
1578;130;1090;25
1579;130;1100;10
1580;130;1110;23
1581;130;1120;6
1582;140;0;2
1583;140;10;2
1584;140;20;1
1585;140;30;0
1586;140;40;0
1587;140;50;18
1588;140;60;16
1589;140;70;19
1590;140;80;19
1591;140;90;18
1592;140;100;19
1593;140;110;2
1594;140;120;3
1595;140;130;3
1596;140;140;3
1597;140;150;3
1598;140;160;7
1599;140;170;19
1600;140;180;19
1601;140;190;17
1602;140;200;4
1603;140;210;21
1604;140;220;2
1605;140;230;1
1606;140;240;3
1607;140;250;4
1608;140;260;3
1609;140;270;3
1610;140;280;4
1611;140;290;20
1612;140;300;19
1613;140;310;20
1614;140;320;21
1615;140;330;19
1616;140;340;10
1617;140;350;10
1618;140;360;10
1619;140;370;11
1620;140;380;13
1621;140;390;13
1622;140;400;215
1623;140;410;217
1624;140;420;215
1625;140;430;218
1626;140;440;218
1627;140;450;218
1628;140;460;218
1629;140;470;219
1630;140;480;220
1631;140;490;222
1632;140;500;221
1633;140;510;222
1634;140;520;222
1635;140;530;222
1636;140;540;223
1637;140;550;222
1638;140;560;224
1639;140;570;224
1640;140;580;19
1641;140;590;21
1642;140;600;22
1643;140;610;22
1644;140;620;23
1645;140;630;23
1646;140;640;24
1647;140;650;23
1648;140;660;7
1649;140;670;7
1650;140;680;6
1651;140;690;7
1652;140;700;7
1653;140;710;7
1654;140;720;24
1655;140;730;23
1656;140;740;23
1657;140;750;24
1658;140;760;23
1659;140;770;24
1660;140;780;5
1661;140;790;5
1662;140;800;8
1663;140;810;9
1664;140;820;8
1665;140;830;10
1666;140;840;25
1667;140;850;25
1668;140;860;25
1669;140;870;24
1670;140;880;25
1671;140;890;7
1672;140;900;8
1673;140;910;7
1674;140;920;9
1675;140;930;8
1676;140;940;24
1677;140;950;24
1678;140;960;24
1679;140;970;25
1680;140;980;24
1681;140;990;5
1682;140;1000;5
1683;140;1010;9
1684;140;1020;9
1685;140;1030;7
1686;140;1040;9
1687;140;1050;24
1688;140;1060;24
1689;140;1070;24
1690;140;1080;25
1691;140;1090;25
1692;140;1100;24
1693;140;1110;23
1694;140;1120;5
1695;150;0;-1
1696;150;10;1
1697;150;20;1
1698;150;30;0
1699;150;40;2
1700;150;50;2
1701;150;60;2
1702;150;70;6
1703;150;80;19
1704;150;90;18
1705;150;100;7
1706;150;110;3
1707;150;120;4
1708;150;130;3
1709;150;140;5
1710;150;150;3
1711;150;160;3
1712;150;170;3
1713;150;180;19
1714;150;190;2
1715;150;200;3
1716;150;210;3
1717;150;220;3
1718;150;230;2
1719;150;240;4
1720;150;250;3
1721;150;260;3
1722;150;270;3
1723;150;280;4
1724;150;290;4
1725;150;300;5
1726;150;310;9
1727;150;320;11
1728;150;330;11
1729;150;340;9
1730;150;350;9
1731;150;360;11
1732;150;370;11
1733;150;380;13
1734;150;390;12
1735;150;400;213
1736;150;410;215
1737;150;420;214
1738;150;430;217
1739;150;440;219
1740;150;450;218
1741;150;460;218
1742;150;470;219
1743;150;480;220
1744;150;490;220
1745;150;500;221
1746;150;510;221
1747;150;520;221
1748;150;530;222
1749;150;540;222
1750;150;550;221
1751;150;560;223
1752;150;570;224
1753;150;580;223
1754;150;590;219
1755;150;600;21
1756;150;610;21
1757;150;620;21
1758;150;630;21
1759;150;640;20
1760;150;650;5
1761;150;660;7
1762;150;670;6
1763;150;680;7
1764;150;690;7
1765;150;700;7
1766;150;710;8
1767;150;720;7
1768;150;730;8
1769;150;740;9
1770;150;750;8
1771;150;760;9
1772;150;770;9
1773;150;780;6
1774;150;790;6
1775;150;800;8
1776;150;810;8
1777;150;820;8
1778;150;830;9
1779;150;840;10
1780;150;850;23
1781;150;860;24
1782;150;870;24
1783;150;880;10
1784;150;890;7
1785;150;900;9
1786;150;910;7
1787;150;920;8
1788;150;930;8
1789;150;940;9
1790;150;950;8
1791;150;960;11
1792;150;970;10
1793;150;980;7
1794;150;990;8
1795;150;1000;8
1796;150;1010;8
1797;150;1020;8
1798;150;1030;9
1799;150;1040;8
1800;150;1050;9
1801;150;1060;24
1802;150;1070;23
1803;150;1080;25
1804;150;1090;24
1805;150;1100;24
1806;150;1110;9
1807;150;1120;7
1808;160;0;1
1809;160;10;1
1810;160;20;1
1811;160;30;1
1812;160;40;0
1813;160;50;3
1814;160;60;1
1815;160;70;4
1816;160;80;18
1817;160;90;4
1818;160;100;4
1819;160;110;3
1820;160;120;3
1821;160;130;4
1822;160;140;3
1823;160;150;4
1824;160;160;4
1825;160;170;3
1826;160;180;5
1827;160;190;3
1828;160;200;3
1829;160;210;3
1830;160;220;3
1831;160;230;2
1832;160;240;5
1833;160;250;3
1834;160;260;3
1835;160;270;4
1836;160;280;3
1837;160;290;4
1838;160;300;5
1839;160;310;3
1840;160;320;6
1841;160;330;8
1842;160;340;9
1843;160;350;10
1844;160;360;11
1845;160;370;11
1846;160;380;12
1847;160;390;213
1848;160;400;213
1849;160;410;215
1850;160;420;214
1851;160;430;217
1852;160;440;218
1853;160;450;218
1854;160;460;218
1855;160;470;219
1856;160;480;220
1857;160;490;220
1858;160;500;221
1859;160;510;220
1860;160;520;221
1861;160;530;221
1862;160;540;223
1863;160;550;221
1864;160;560;223
1865;160;570;223
1866;160;580;224
1867;160;590;222
1868;160;600;11
1869;160;610;11
1870;160;620;11
1871;160;630;21
1872;160;640;22
1873;160;650;8
1874;160;660;6
1875;160;670;7
1876;160;680;7
1877;160;690;7
1878;160;700;8
1879;160;710;8
1880;160;720;7
1881;160;730;7
1882;160;740;9
1883;160;750;9
1884;160;760;8
1885;160;770;8
1886;160;780;5
1887;160;790;7
1888;160;800;8
1889;160;810;8
1890;160;820;8
1891;160;830;9
1892;160;840;9
1893;160;850;10
1894;160;860;24
1895;160;870;24
1896;160;880;9
1897;160;890;7
1898;160;900;9
1899;160;910;7
1900;160;920;8
1901;160;930;8
1902;160;940;8
1903;160;950;6
1904;160;960;9
1905;160;970;9
1906;160;980;7
1907;160;990;7
1908;160;1000;7
1909;160;1010;8
1910;160;1020;8
1911;160;1030;9
1912;160;1040;8
1913;160;1050;8
1914;160;1060;10
1915;160;1070;9
1916;160;1080;25
1917;160;1090;8
1918;160;1100;10
1919;160;1110;7
1920;160;1120;8
1921;170;0;1
1922;170;10;2
1923;170;20;2
1924;170;30;0
1925;170;40;1
1926;170;50;3
1927;170;60;3
1928;170;70;5
1929;170;80;5
1930;170;90;4
1931;170;100;3
1932;170;110;5
1933;170;120;5
1934;170;130;4
1935;170;140;4
1936;170;150;5
1937;170;160;5
1938;170;170;4
1939;170;180;4
1940;170;190;3
1941;170;200;4
1942;170;210;4
1943;170;220;5
1944;170;230;3
1945;170;240;4
1946;170;250;5
1947;170;260;4
1948;170;270;4
1949;170;280;5
1950;170;290;4
1951;170;300;3
1952;170;310;4
1953;170;320;9
1954;170;330;8
1955;170;340;10
1956;170;350;10
1957;170;360;11
1958;170;370;12
1959;170;380;214
1960;170;390;213
1961;170;400;213
1962;170;410;215
1963;170;420;215
1964;170;430;217
1965;170;440;206
1966;170;450;218
1967;170;460;218
1968;170;470;218
1969;170;480;219
1970;170;490;220
1971;170;500;220
1972;170;510;221
1973;170;520;220
1974;170;530;221
1975;170;540;223
1976;170;550;221
1977;170;560;223
1978;170;570;222
1979;170;580;222
1980;170;590;220
1981;170;600;11
1982;170;610;8
1983;170;620;7
1984;170;630;8
1985;170;640;8
1986;170;650;5
1987;170;660;6
1988;170;670;7
1989;170;680;8
1990;170;690;8
1991;170;700;7
1992;170;710;9
1993;170;720;7
1994;170;730;8
1995;170;740;7
1996;170;750;8
1997;170;760;8
1998;170;770;9
1999;170;780;7
2000;170;790;8
2001;170;800;8
2002;170;810;9
2003;170;820;8
2004;170;830;8
2005;170;840;9
2006;170;850;9
2007;170;860;9
2008;170;870;8
2009;170;880;9
2010;170;890;9
2011;170;900;9
2012;170;910;6
2013;170;920;9
2014;170;930;9
2015;170;940;8
2016;170;950;7
2017;170;960;9
2018;170;970;9
2019;170;980;7
2020;170;990;8
2021;170;1000;9
2022;170;1010;9
2023;170;1020;9
2024;170;1030;9
2025;170;1040;9
2026;170;1050;7
2027;170;1060;8
2028;170;1070;8
2029;170;1080;8
2030;170;1090;8
2031;170;1100;8
2032;170;1110;7
2033;170;1120;8
2034;180;0;1
2035;180;10;1
2036;180;20;2
2037;180;30;1
2038;180;40;0
2039;180;50;3
2040;180;60;1
2041;180;70;3
2042;180;80;5
2043;180;90;4
2044;180;100;4
2045;180;110;4
2046;180;120;5
2047;180;130;5
2048;180;140;4
2049;180;150;3
2050;180;160;5
2051;180;170;4
2052;180;180;5
2053;180;190;3
2054;180;200;5
2055;180;210;5
2056;180;220;4
2057;180;230;3
2058;180;240;5
2059;180;250;3
2060;180;260;3
2061;180;270;4
2062;180;280;5
2063;180;290;5
2064;180;300;4
2065;180;310;5
2066;180;320;9
2067;180;330;8
2068;180;340;10
2069;180;350;11
2070;180;360;11
2071;180;370;13
2072;180;380;215
2073;180;390;214
2074;180;400;213
2075;180;410;215
2076;180;420;215
2077;180;430;217
2078;180;440;206
2079;180;450;218
2080;180;460;218
2081;180;470;219
2082;180;480;220
2083;180;490;221
2084;180;500;221
2085;180;510;221
2086;180;520;221
2087;180;530;221
2088;180;540;222
2089;180;550;222
2090;180;560;222
2091;180;570;223
2092;180;580;222
2093;180;590;220
2094;180;600;215
2095;180;610;8
2096;180;620;7
2097;180;630;8
2098;180;640;9
2099;180;650;5
2100;180;660;6
2101;180;670;7
2102;180;680;8
2103;180;690;8
2104;180;700;8
2105;180;710;8
2106;180;720;8
2107;180;730;8
2108;180;740;9
2109;180;750;7
2110;180;760;7
2111;180;770;9
2112;180;780;9
2113;180;790;8
2114;180;800;8
2115;180;810;7
2116;180;820;9
2117;180;830;9
2118;180;840;9
2119;180;850;10
2120;180;860;9
2121;180;870;9
2122;180;880;9
2123;180;890;9
2124;180;900;9
2125;180;910;7
2126;180;920;8
2127;180;930;9
2128;180;940;9
2129;180;950;7
2130;180;960;9
2131;180;970;9
2132;180;980;7
2133;180;990;9
2134;180;1000;9
2135;180;1010;9
2136;180;1020;9
2137;180;1030;9
2138;180;1040;9
2139;180;1050;7
2140;180;1060;8
2141;180;1070;7
2142;180;1080;9
2143;180;1090;8
2144;180;1100;9
2145;180;1110;8
2146;180;1120;8
2147;190;0;2
2148;190;10;2
2149;190;20;2
2150;190;30;2
2151;190;40;3
2152;190;50;3
2153;190;60;2
2154;190;70;5
2155;190;80;4
2156;190;90;4
2157;190;100;4
2158;190;110;5
2159;190;120;5
2160;190;130;5
2161;190;140;4
2162;190;150;5
2163;190;160;4
2164;190;170;3
2165;190;180;4
2166;190;190;3
2167;190;200;4
2168;190;210;5
2169;190;220;4
2170;190;230;3
2171;190;240;6
2172;190;250;4
2173;190;260;4
2174;190;270;5
2175;190;280;5
2176;190;290;4
2177;190;300;5
2178;190;310;8
2179;190;320;8
2180;190;330;9
2181;190;340;10
2182;190;350;12
2183;190;360;13
2184;190;370;12
2185;190;380;215
2186;190;390;213
2187;190;400;214
2188;190;410;215
2189;190;420;215
2190;190;430;217
2191;190;440;218
2192;190;450;206
2193;190;460;205
2194;190;470;219
2195;190;480;220
2196;190;490;220
2197;190;500;220
2198;190;510;221
2199;190;520;222
2200;190;530;222
2201;190;540;222
2202;190;550;222
2203;190;560;223
2204;190;570;223
2205;190;580;223
2206;190;590;221
2207;190;600;217
2208;190;610;9
2209;190;620;9
2210;190;630;8
2211;190;640;9
2212;190;650;9
2213;190;660;10
2214;190;670;8
2215;190;680;8
2216;190;690;8
2217;190;700;8
2218;190;710;8
2219;190;720;9
2220;190;730;8
2221;190;740;8
2222;190;750;7
2223;190;760;9
2224;190;770;9
2225;190;780;9
2226;190;790;9
2227;190;800;9
2228;190;810;9
2229;190;820;10
2230;190;830;9
2231;190;840;10
2232;190;850;10
2233;190;860;9
2234;190;870;9
2235;190;880;10
2236;190;890;10
2237;190;900;10
2238;190;910;8
2239;190;920;9
2240;190;930;10
2241;190;940;9
2242;190;950;7
2243;190;960;9
2244;190;970;10
2245;190;980;9
2246;190;990;8
2247;190;1000;9
2248;190;1010;9
2249;190;1020;10
2250;190;1030;10
2251;190;1040;10
2252;190;1050;8
2253;190;1060;9
2254;190;1070;8
2255;190;1080;9
2256;190;1090;10
2257;190;1100;9
2258;190;1110;8
2259;190;1120;8
2260;200;0;3
2261;200;10;3
2262;200;20;3
2263;200;30;2
2264;200;40;2
2265;200;50;3
2266;200;60;2
2267;200;70;4
2268;200;80;4
2269;200;90;4
2270;200;100;4
2271;200;110;5
2272;200;120;5
2273;200;130;4
2274;200;140;4
2275;200;150;5
2276;200;160;5
2277;200;170;4
2278;200;180;4
2279;200;190;4
2280;200;200;3
2281;200;210;4
2282;200;220;4
2283;200;230;3
2284;200;240;5
2285;200;250;5
2286;200;260;4
2287;200;270;4
2288;200;280;5
2289;200;290;5
2290;200;300;4
2291;200;310;5
2292;200;320;9
2293;200;330;10
2294;200;340;10
2295;200;350;9
2296;200;360;212
2297;200;370;212
2298;200;380;214
2299;200;390;212
2300;200;400;213
2301;200;410;216
2302;200;420;214
2303;200;430;217
2304;200;440;219
2305;200;450;219
2306;200;460;219
2307;200;470;219
2308;200;480;219
2309;200;490;221
2310;200;500;220
2311;200;510;220
2312;200;520;221
2313;200;530;221
2314;200;540;222
2315;200;550;222
2316;200;560;222
2317;200;570;223
2318;200;580;224
2319;200;590;218
2320;200;600;218
2321;200;610;213
2322;200;620;7
2323;200;630;5
2324;200;640;6
2325;200;650;6
2326;200;660;8
2327;200;670;7
2328;200;680;8
2329;200;690;8
2330;200;700;8
2331;200;710;8
2332;200;720;8
2333;200;730;8
2334;200;740;9
2335;200;750;8
2336;200;760;7
2337;200;770;8
2338;200;780;8
2339;200;790;8
2340;200;800;9
2341;200;810;8
2342;200;820;9
2343;200;830;9
2344;200;840;9
2345;200;850;9
2346;200;860;9
2347;200;870;10
2348;200;880;9
2349;200;890;9
2350;200;900;9
2351;200;910;8
2352;200;920;8
2353;200;930;9
2354;200;940;9
2355;200;950;7
2356;200;960;9
2357;200;970;10
2358;200;980;7
2359;200;990;9
2360;200;1000;9
2361;200;1010;9
2362;200;1020;9
2363;200;1030;9
2364;200;1040;9
2365;200;1050;7
2366;200;1060;8
2367;200;1070;8
2368;200;1080;9
2369;200;1090;8
2370;200;1100;9
2371;200;1110;7
2372;200;1120;7
2373;210;0;3
2374;210;10;3
2375;210;20;3
2376;210;30;2
2377;210;40;3
2378;210;50;4
2379;210;60;3
2380;210;70;5
2381;210;80;5
2382;210;90;4
2383;210;100;4
2384;210;110;6
2385;210;120;6
2386;210;130;5
2387;210;140;5
2388;210;150;4
2389;210;160;5
2390;210;170;5
2391;210;180;5
2392;210;190;3
2393;210;200;3
2394;210;210;5
2395;210;220;5
2396;210;230;3
2397;210;240;5
2398;210;250;4
2399;210;260;5
2400;210;270;5
2401;210;280;5
2402;210;290;5
2403;210;300;6
2404;210;310;7
2405;210;320;7
2406;210;330;8
2407;210;340;9
2408;210;350;10
2409;210;360;213
2410;210;370;213
2411;210;380;215
2412;210;390;214
2413;210;400;215
2414;210;410;216
2415;210;420;216
2416;210;430;219
2417;210;440;219
2418;210;450;220
2419;210;460;220
2420;210;470;220
2421;210;480;221
2422;210;490;222
2423;210;500;221
2424;210;510;222
2425;210;520;222
2426;210;530;222
2427;210;540;223
2428;210;550;222
2429;210;560;224
2430;210;570;223
2431;210;580;223
2432;210;590;219
2433;210;600;219
2434;210;610;214
2435;210;620;212
2436;210;630;6
2437;210;640;7
2438;210;650;7
2439;210;660;8
2440;210;670;9
2441;210;680;8
2442;210;690;9
2443;210;700;9
2444;210;710;9
2445;210;720;9
2446;210;730;9
2447;210;740;10
2448;210;750;9
2449;210;760;8
2450;210;770;8
2451;210;780;9
2452;210;790;9
2453;210;800;9
2454;210;810;10
2455;210;820;9
2456;210;830;11
2457;210;840;11
2458;210;850;10
2459;210;860;10
2460;210;870;9
2461;210;880;10
2462;210;890;10
2463;210;900;10
2464;210;910;8
2465;210;920;10
2466;210;930;10
2467;210;940;10
2468;210;950;8
2469;210;960;10
2470;210;970;11
2471;210;980;8
2472;210;990;9
2473;210;1000;10
2474;210;1010;10
2475;210;1020;11
2476;210;1030;10
2477;210;1040;10
2478;210;1050;9
2479;210;1060;10
2480;210;1070;9
2481;210;1080;10
2482;210;1090;9
2483;210;1100;9
2484;210;1110;9
2485;210;1120;8
2486;220;0;3
2487;220;10;2
2488;220;20;3
2489;220;30;2
2490;220;40;2
2491;220;50;4
2492;220;60;19
2493;220;70;21
2494;220;80;21
2495;220;90;4
2496;220;100;3
2497;220;110;4
2498;220;120;5
2499;220;130;5
2500;220;140;5
2501;220;150;5
2502;220;160;5
2503;220;170;20
2504;220;180;5
2505;220;190;19
2506;220;200;3
2507;220;210;3
2508;220;220;4
2509;220;230;2
2510;220;240;6
2511;220;250;4
2512;220;260;4
2513;220;270;5
2514;220;280;6
2515;220;290;5
2516;220;300;5
2517;220;310;6
2518;220;320;7
2519;220;330;6
2520;220;340;7
2521;220;350;7
2522;220;360;212
2523;220;370;214
2524;220;380;214
2525;220;390;214
2526;220;400;214
2527;220;410;216
2528;220;420;216
2529;220;430;217
2530;220;440;218
2531;220;450;219
2532;220;460;218
2533;220;470;219
2534;220;480;221
2535;220;490;220
2536;220;500;221
2537;220;510;221
2538;220;520;222
2539;220;530;222
2540;220;540;222
2541;220;550;221
2542;220;560;224
2543;220;570;223
2544;220;580;220
2545;220;590;219
2546;220;600;220
2547;220;610;212
2548;220;620;213
2549;220;630;5
2550;220;640;6
2551;220;650;5
2552;220;660;7
2553;220;670;7
2554;220;680;9
2555;220;690;8
2556;220;700;9
2557;220;710;8
2558;220;720;8
2559;220;730;9
2560;220;740;24
2561;220;750;24
2562;220;760;5
2563;220;770;8
2564;220;780;8
2565;220;790;8
2566;220;800;9
2567;220;810;9
2568;220;820;9
2569;220;830;10
2570;220;840;11
2571;220;850;26
2572;220;860;24
2573;220;870;9
2574;220;880;9
2575;220;890;9
2576;220;900;10
2577;220;910;8
2578;220;920;9
2579;220;930;9
2580;220;940;9
2581;220;950;7
2582;220;960;11
2583;220;970;8
2584;220;980;24
2585;220;990;8
2586;220;1000;8
2587;220;1010;9
2588;220;1020;10
2589;220;1030;9
2590;220;1040;9
2591;220;1050;8
2592;220;1060;10
2593;220;1070;24
2594;220;1080;9
2595;220;1090;7
2596;220;1100;8
2597;220;1110;6
2598;220;1120;8
2599;230;0;2
2600;230;10;2
2601;230;20;3
2602;230;30;2
2603;230;40;3
2604;230;50;5
2605;230;60;18
2606;230;70;19
2607;230;80;21
2608;230;90;19
2609;230;100;21
2610;230;110;4
2611;230;120;4
2612;230;130;5
2613;230;140;5
2614;230;150;4
2615;230;160;5
2616;230;170;21
2617;230;180;21
2618;230;190;19
2619;230;200;6
2620;230;210;2
2621;230;220;3
2622;230;230;3
2623;230;240;5
2624;230;250;4
2625;230;260;3
2626;230;270;4
2627;230;280;5
2628;230;290;4
2629;230;300;5
2630;230;310;5
2631;230;320;7
2632;230;330;5
2633;230;340;5
2634;230;350;5
2635;230;360;211
2636;230;370;212
2637;230;380;214
2638;230;390;213
2639;230;400;213
2640;230;410;216
2641;230;420;216
2642;230;430;217
2643;230;440;218
2644;230;450;219
2645;230;460;218
2646;230;470;220
2647;230;480;221
2648;230;490;221
2649;230;500;222
2650;230;510;223
2651;230;520;222
2652;230;530;222
2653;230;540;222
2654;230;550;221
2655;230;560;223
2656;230;570;223
2657;230;580;221
2658;230;590;219
2659;230;600;214
2660;230;610;214
2661;230;620;213
2662;230;630;5
2663;230;640;5
2664;230;650;6
2665;230;660;6
2666;230;670;7
2667;230;680;9
2668;230;690;8
2669;230;700;8
2670;230;710;9
2671;230;720;9
2672;230;730;8
2673;230;740;24
2674;230;750;24
2675;230;760;24
2676;230;770;7
2677;230;780;7
2678;230;790;7
2679;230;800;9
2680;230;810;8
2681;230;820;9
2682;230;830;10
2683;230;840;10
2684;230;850;24
2685;230;860;24
2686;230;870;7
2687;230;880;8
2688;230;890;8
2689;230;900;9
2690;230;910;7
2691;230;920;9
2692;230;930;8
2693;230;940;9
2694;230;950;24
2695;230;960;25
2696;230;970;27
2697;230;980;24
2698;230;990;7
2699;230;1000;7
2700;230;1010;9
2701;230;1020;9
2702;230;1030;10
2703;230;1040;10
2704;230;1050;7
2705;230;1060;26
2706;230;1070;24
2707;230;1080;11
2708;230;1090;7
2709;230;1100;7
2710;230;1110;7
2711;230;1120;7
2712;240;0;2
2713;240;10;2
2714;240;20;2
2715;240;30;1
2716;240;40;2
2717;240;50;19
2718;240;60;17
2719;240;70;21
2720;240;80;21
2721;240;90;21
2722;240;100;19
2723;240;110;3
2724;240;120;4
2725;240;130;4
2726;240;140;4
2727;240;150;5
2728;240;160;19
2729;240;170;20
2730;240;180;21
2731;240;190;19
2732;240;200;19
2733;240;210;21
2734;240;220;7
2735;240;230;2
2736;240;240;5
2737;240;250;4
2738;240;260;4
2739;240;270;5
2740;240;280;5
2741;240;290;5
2742;240;300;4
2743;240;310;5
2744;240;320;5
2745;240;330;5
2746;240;340;6
2747;240;350;6
2748;240;360;212
2749;240;370;212
2750;240;380;214
2751;240;390;213
2752;240;400;215
2753;240;410;216
2754;240;420;215
2755;240;430;217
2756;240;440;219
2757;240;450;219
2758;240;460;218
2759;240;470;220
2760;240;480;221
2761;240;490;222
2762;240;500;222
2763;240;510;222
2764;240;520;223
2765;240;530;222
2766;240;540;223
2767;240;550;222
2768;240;560;224
2769;240;570;222
2770;240;580;222
2771;240;590;220
2772;240;600;216
2773;240;610;215
2774;240;620;210
2775;240;630;209
2776;240;640;209
2777;240;650;6
2778;240;660;5
2779;240;670;7
2780;240;680;8
2781;240;690;8
2782;240;700;8
2783;240;710;9
2784;240;720;9
2785;240;730;23
2786;240;740;25
2787;240;750;24
2788;240;760;24
2789;240;770;25
2790;240;780;5
2791;240;790;7
2792;240;800;8
2793;240;810;9
2794;240;820;8
2795;240;830;10
2796;240;840;25
2797;240;850;26
2798;240;860;25
2799;240;870;26
2800;240;880;25
2801;240;890;7
2802;240;900;9
2803;240;910;7
2804;240;920;9
2805;240;930;9
2806;240;940;25
2807;240;950;25
2808;240;960;25
2809;240;970;26
2810;240;980;24
2811;240;990;8
2812;240;1000;8
2813;240;1010;9
2814;240;1020;10
2815;240;1030;9
2816;240;1040;10
2817;240;1050;25
2818;240;1060;27
2819;240;1070;25
2820;240;1080;26
2821;240;1090;26
2822;240;1100;25
2823;240;1110;24
2824;240;1120;7
2825;250;0;2
2826;250;10;3
2827;250;20;3
2828;250;30;2
2829;250;40;3
2830;250;50;19
2831;250;60;19
2832;250;70;21
2833;250;80;22
2834;250;90;21
2835;250;100;21
2836;250;110;4
2837;250;120;5
2838;250;130;5
2839;250;140;5
2840;250;150;6
2841;250;160;10
2842;250;170;21
2843;250;180;22
2844;250;190;19
2845;250;200;21
2846;250;210;22
2847;250;220;7
2848;250;230;3
2849;250;240;7
2850;250;250;5
2851;250;260;4
2852;250;270;6
2853;250;280;6
2854;250;290;5
2855;250;300;6
2856;250;310;6
2857;250;320;7
2858;250;330;5
2859;250;340;7
2860;250;350;212
2861;250;360;212
2862;250;370;213
2863;250;380;215
2864;250;390;214
2865;250;400;215
2866;250;410;217
2867;250;420;217
2868;250;430;218
2869;250;440;219
2870;250;450;220
2871;250;460;220
2872;250;470;220
2873;250;480;222
2874;250;490;223
2875;250;500;223
2876;250;510;224
2877;250;520;224
2878;250;530;223
2879;250;540;224
2880;250;550;222
2881;250;560;224
2882;250;570;224
2883;250;580;223
2884;250;590;222
2885;250;600;217
2886;250;610;216
2887;250;620;209
2888;250;630;210
2889;250;640;210
2890;250;650;7
2891;250;660;7
2892;250;670;9
2893;250;680;9
2894;250;690;9
2895;250;700;8
2896;250;710;9
2897;250;720;12
2898;250;730;25
2899;250;740;25
2900;250;750;24
2901;250;760;25
2902;250;770;25
2903;250;780;8
2904;250;790;7
2905;250;800;10
2906;250;810;9
2907;250;820;10
2908;250;830;10
2909;250;840;27
2910;250;850;26
2911;250;860;27
2912;250;870;26
2913;250;880;27
2914;250;890;9
2915;250;900;10
2916;250;910;8
2917;250;920;10
2918;250;930;10
2919;250;940;25
2920;250;950;25
2921;250;960;26
2922;250;970;26
2923;250;980;24
2924;250;990;10
2925;250;1000;10
2926;250;1010;10
2927;250;1020;11
2928;250;1030;10
2929;250;1040;10
2930;250;1050;26
2931;250;1060;26
2932;250;1070;26
2933;250;1080;27
2934;250;1090;26
2935;250;1100;26
2936;250;1110;25
2937;250;1120;7
2938;260;0;3
2939;260;10;4
2940;260;20;3
2941;260;30;2
2942;260;40;2
2943;260;50;4
2944;260;60;6
2945;260;70;19
2946;260;80;20
2947;260;90;4
2948;260;100;22
2949;260;110;4
2950;260;120;5
2951;260;130;5
2952;260;140;6
2953;260;150;7
2954;260;160;22
2955;260;170;21
2956;260;180;22
2957;260;190;21
2958;260;200;22
2959;260;210;24
2960;260;220;22
2961;260;230;20
2962;260;240;10
2963;260;250;7
2964;260;260;5
2965;260;270;5
2966;260;280;7
2967;260;290;5
2968;260;300;190
2969;260;310;192
2970;260;320;192
2971;260;330;193
2972;260;340;193
2973;260;350;213
2974;260;360;214
2975;260;370;214
2976;260;380;217
2977;260;390;215
2978;260;400;216
2979;260;410;218
2980;260;420;217
2981;260;430;219
2982;260;440;220
2983;260;450;220
2984;260;460;221
2985;260;470;222
2986;260;480;223
2987;260;490;223
2988;260;500;223
2989;260;510;224
2990;260;520;224
2991;260;530;223
2992;260;540;224
2993;260;550;223
2994;260;560;224
2995;260;570;224
2996;260;580;225
2997;260;590;219
2998;260;600;219
2999;260;610;213
3000;260;620;210
3001;260;630;211
3002;260;640;205
3003;260;650;5
3004;260;660;7
3005;260;670;8
3006;260;680;8
3007;260;690;9
3008;260;700;9
3009;260;710;9
3010;260;720;10
3011;260;730;11
3012;260;740;25
3013;260;750;24
3014;260;760;10
3015;260;770;26
3016;260;780;24
3017;260;790;8
3018;260;800;10
3019;260;810;9
3020;260;820;9
3021;260;830;10
3022;260;840;26
3023;260;850;25
3024;260;860;26
3025;260;870;10
3026;260;880;26
3027;260;890;9
3028;260;900;10
3029;260;910;9
3030;260;920;10
3031;260;930;9
3032;260;940;12
3033;260;950;11
3034;260;960;26
3035;260;970;26
3036;260;980;25
3037;260;990;26
3038;260;1000;26
3039;260;1010;10
3040;260;1020;11
3041;260;1030;10
3042;260;1040;10
3043;260;1050;24
3044;260;1060;27
3045;260;1070;25
3046;260;1080;26
3047;260;1090;26
3048;260;1100;25
3049;260;1110;25
3050;260;1120;8
3051;270;0;4
3052;270;10;4
3053;270;20;3
3054;270;30;4
3055;270;40;3
3056;270;50;4
3057;270;60;7
3058;270;70;21
3059;270;80;21
3060;270;90;5
3061;270;100;4
3062;270;110;5
3063;270;120;5
3064;270;130;6
3065;270;140;8
3066;270;150;8
3067;270;160;23
3068;270;170;10
3069;270;180;24
3070;270;190;21
3071;270;200;22
3072;270;210;23
3073;270;220;23
3074;270;230;21
3075;270;240;11
3076;270;250;10
3077;270;260;5
3078;270;270;7
3079;270;280;7
3080;270;290;190
3081;270;300;192
3082;270;310;192
3083;270;320;194
3084;270;330;195
3085;270;340;195
3086;270;350;214
3087;270;360;214
3088;270;370;215
3089;270;380;216
3090;270;390;216
3091;270;400;216
3092;270;410;219
3093;270;420;218
3094;270;430;220
3095;270;440;220
3096;270;450;221
3097;270;460;221
3098;270;470;222
3099;270;480;223
3100;270;490;224
3101;270;500;223
3102;270;510;224
3103;270;520;225
3104;270;530;225
3105;270;540;224
3106;270;550;224
3107;270;560;225
3108;270;570;225
3109;270;580;225
3110;270;590;219
3111;270;600;219
3112;270;610;210
3113;270;620;211
3114;270;630;207
3115;270;640;205
3116;270;650;6
3117;270;660;7
3118;270;670;8
3119;270;680;9
3120;270;690;9
3121;270;700;8
3122;270;710;10
3123;270;720;10
3124;270;730;10
3125;270;740;25
3126;270;750;10
3127;270;760;11
3128;270;770;26
3129;270;780;25
3130;270;790;9
3131;270;800;10
3132;270;810;10
3133;270;820;10
3134;270;830;11
3135;270;840;26
3136;270;850;27
3137;270;860;27
3138;270;870;24
3139;270;880;26
3140;270;890;10
3141;270;900;11
3142;270;910;8
3143;270;920;11
3144;270;930;11
3145;270;940;10
3146;270;950;25
3147;270;960;27
3148;270;970;27
3149;270;980;25
3150;270;990;27
3151;270;1000;27
3152;270;1010;11
3153;270;1020;11
3154;270;1030;10
3155;270;1040;10
3156;270;1050;10
3157;270;1060;26
3158;270;1070;26
3159;270;1080;27
3160;270;1090;26
3161;270;1100;27
3162;270;1110;25
3163;270;1120;9
3164;280;0;2
3165;280;10;2
3166;280;20;3
3167;280;30;2
3168;280;40;2
3169;280;50;3
3170;280;60;3
3171;280;70;3
3172;280;80;5
3173;280;90;4
3174;280;100;4
3175;280;110;5
3176;280;120;5
3177;280;130;5
3178;280;140;9
3179;280;150;9
3180;280;160;10
3181;280;170;10
3182;280;180;11
3183;280;190;11
3184;280;200;155
3185;280;210;155
3186;280;220;155
3187;280;230;19
3188;280;240;135
3189;280;250;21
3190;280;260;187
3191;280;270;190
3192;280;280;190
3193;280;290;194
3194;280;300;194
3195;280;310;197
3196;280;320;198
3197;280;330;199
3198;280;340;212
3199;280;350;213
3200;280;360;214
3201;280;370;214
3202;280;380;217
3203;280;390;215
3204;280;400;216
3205;280;410;218
3206;280;420;217
3207;280;430;220
3208;280;440;220
3209;280;450;221
3210;280;460;220
3211;280;470;221
3212;280;480;223
3213;280;490;223
3214;280;500;223
3215;280;510;224
3216;280;520;223
3217;280;530;223
3218;280;540;224
3219;280;550;222
3220;280;560;224
3221;280;570;225
3222;280;580;221
3223;280;590;220
3224;280;600;222
3225;280;610;212
3226;280;620;212
3227;280;630;205
3228;280;640;205
3229;280;650;3
3230;280;660;5
3231;280;670;7
3232;280;680;7
3233;280;690;7
3234;280;700;8
3235;280;710;7
3236;280;720;7
3237;280;730;7
3238;280;740;7
3239;280;750;8
3240;280;760;8
3241;280;770;8
3242;280;780;8
3243;280;790;8
3244;280;800;9
3245;280;810;8
3246;280;820;8
3247;280;830;9
3248;280;840;9
3249;280;850;9
3250;280;860;9
3251;280;870;9
3252;280;880;9
3253;280;890;9
3254;280;900;10
3255;280;910;7
3256;280;920;8
3257;280;930;9
3258;280;940;9
3259;280;950;7
3260;280;960;10
3261;280;970;7
3262;280;980;7
3263;280;990;8
3264;280;1000;8
3265;280;1010;9
3266;280;1020;9
3267;280;1030;9
3268;280;1040;9
3269;280;1050;7
3270;280;1060;7
3271;280;1070;8
3272;280;1080;10
3273;280;1090;8
3274;280;1100;9
3275;280;1110;8
3276;280;1120;8
3277;290;0;3
3278;290;10;3
3279;290;20;3
3280;290;30;2
3281;290;40;3
3282;290;50;4
3283;290;60;3
3284;290;70;5
3285;290;80;4
3286;290;90;5
3287;290;100;5
3288;290;110;5
3289;290;120;5
3290;290;130;5
3291;290;140;10
3292;290;150;10
3293;290;160;11
3294;290;170;12
3295;290;180;12
3296;290;190;12
3297;290;200;209
3298;290;210;208
3299;290;220;155
3300;290;230;153
3301;290;240;11
3302;290;250;22
3303;290;260;189
3304;290;270;191
3305;290;280;193
3306;290;290;195
3307;290;300;196
3308;290;310;198
3309;290;320;200
3310;290;330;203
3311;290;340;214
3312;290;350;214
3313;290;360;215
3314;290;370;216
3315;290;380;218
3316;290;390;217
3317;290;400;217
3318;290;410;219
3319;290;420;218
3320;290;430;220
3321;290;440;220
3322;290;450;221
3323;290;460;221
3324;290;470;222
3325;290;480;223
3326;290;490;223
3327;290;500;224
3328;290;510;225
3329;290;520;224
3330;290;530;224
3331;290;540;224
3332;290;550;224
3333;290;560;224
3334;290;570;227
3335;290;580;224
3336;290;590;221
3337;290;600;215
3338;290;610;214
3339;290;620;213
3340;290;630;207
3341;290;640;207
3342;290;650;6
3343;290;660;6
3344;290;670;7
3345;290;680;8
3346;290;690;8
3347;290;700;8
3348;290;710;7
3349;290;720;9
3350;290;730;8
3351;290;740;8
3352;290;750;8
3353;290;760;8
3354;290;770;10
3355;290;780;9
3356;290;790;8
3357;290;800;10
3358;290;810;9
3359;290;820;8
3360;290;830;10
3361;290;840;10
3362;290;850;10
3363;290;860;10
3364;290;870;9
3365;290;880;11
3366;290;890;9
3367;290;900;9
3368;290;910;8
3369;290;920;9
3370;290;930;9
3371;290;940;9
3372;290;950;8
3373;290;960;9
3374;290;970;9
3375;290;980;9
3376;290;990;8
3377;290;1000;9
3378;290;1010;10
3379;290;1020;10
3380;290;1030;9
3381;290;1040;9
3382;290;1050;9
3383;290;1060;9
3384;290;1070;9
3385;290;1080;9
3386;290;1090;9
3387;290;1100;10
3388;290;1110;9
3389;290;1120;9
3390;300;0;3
3391;300;10;4
3392;300;20;4
3393;300;30;2
3394;300;40;4
3395;300;50;4
3396;300;60;3
3397;300;70;5
3398;300;80;5
3399;300;90;6
3400;300;100;5
3401;300;110;5
3402;300;120;6
3403;300;130;6
3404;300;140;8
3405;300;150;9
3406;300;160;90
3407;300;170;91
3408;300;180;210
3409;300;190;209
3410;300;200;211
3411;300;210;210
3412;300;220;210
3413;300;230;209
3414;300;240;193
3415;300;250;193
3416;300;260;196
3417;300;270;195
3418;300;280;196
3419;300;290;199
3420;300;300;201
3421;300;310;203
3422;300;320;206
3423;300;330;205
3424;300;340;215
3425;300;350;216
3426;300;360;217
3427;300;370;218
3428;300;380;219
3429;300;390;219
3430;300;400;219
3431;300;410;221
3432;300;420;220
3433;300;430;222
3434;300;440;222
3435;300;450;223
3436;300;460;223
3437;300;470;224
3438;300;480;225
3439;300;490;227
3440;300;500;226
3441;300;510;227
3442;300;520;227
3443;300;530;228
3444;300;540;227
3445;300;550;225
3446;300;560;228
3447;300;570;225
3448;300;580;225
3449;300;590;224
3450;300;600;216
3451;300;610;217
3452;300;620;208
3453;300;630;210
3454;300;640;210
3455;300;650;7
3456;300;660;7
3457;300;670;8
3458;300;680;8
3459;300;690;8
3460;300;700;10
3461;300;710;9
3462;300;720;9
3463;300;730;9
3464;300;740;10
3465;300;750;9
3466;300;760;9
3467;300;770;10
3468;300;780;10
3469;300;790;10
3470;300;800;10
3471;300;810;10
3472;300;820;10
3473;300;830;10
3474;300;840;11
3475;300;850;11
3476;300;860;11
3477;300;870;11
3478;300;880;11
3479;300;890;10
3480;300;900;10
3481;300;910;9
3482;300;920;11
3483;300;930;10
3484;300;940;11
3485;300;950;9
3486;300;960;10
3487;300;970;11
3488;300;980;9
3489;300;990;11
3490;300;1000;10
3491;300;1010;11
3492;300;1020;11
3493;300;1030;11
3494;300;1040;10
3495;300;1050;10
3496;300;1060;10
3497;300;1070;10
3498;300;1080;10
3499;300;1090;10
3500;300;1100;10
3501;300;1110;10
3502;300;1120;9
3503;310;0;3
3504;310;10;3
3505;310;20;3
3506;310;30;2
3507;310;40;2
3508;310;50;5
3509;310;60;4
3510;310;70;5
3511;310;80;5
3512;310;90;5
3513;310;100;5
3514;310;110;6
3515;310;120;7
3516;310;130;6
3517;310;140;6
3518;310;150;90
3519;310;160;90
3520;310;170;91
3521;310;180;212
3522;310;190;209
3523;310;200;211
3524;310;210;211
3525;310;220;211
3526;310;230;210
3527;310;240;194
3528;310;250;195
3529;310;260;198
3530;310;270;198
3531;310;280;200
3532;310;290;205
3533;310;300;205
3534;310;310;204
3535;310;320;208
3536;310;330;215
3537;310;340;216
3538;310;350;216
3539;310;360;217
3540;310;370;218
3541;310;380;219
3542;310;390;219
3543;310;400;219
3544;310;410;221
3545;310;420;220
3546;310;430;222
3547;310;440;222
3548;310;450;223
3549;310;460;224
3550;310;470;224
3551;310;480;226
3552;310;490;227
3553;310;500;227
3554;310;510;227
3555;310;520;228
3556;310;530;227
3557;310;540;227
3558;310;550;227
3559;310;560;227
3560;310;570;226
3561;310;580;227
3562;310;590;225
3563;310;600;218
3564;310;610;218
3565;310;620;209
3566;310;630;210
3567;310;640;210
3568;310;650;5
3569;310;660;7
3570;310;670;8
3571;310;680;8
3572;310;690;8
3573;310;700;9
3574;310;710;9
3575;310;720;9
3576;310;730;8
3577;310;740;8
3578;310;750;9
3579;310;760;9
3580;310;770;10
3581;310;780;9
3582;310;790;8
3583;310;800;10
3584;310;810;10
3585;310;820;10
3586;310;830;11
3587;310;840;10
3588;310;850;11
3589;310;860;10
3590;310;870;10
3591;310;880;12
3592;310;890;10
3593;310;900;10
3594;310;910;8
3595;310;920;10
3596;310;930;10
3597;310;940;9
3598;310;950;9
3599;310;960;10
3600;310;970;10
3601;310;980;8
3602;310;990;9
3603;310;1000;9
3604;310;1010;10
3605;310;1020;10
3606;310;1030;10
3607;310;1040;10
3608;310;1050;9
3609;310;1060;10
3610;310;1070;9
3611;310;1080;10
3612;310;1090;10
3613;310;1100;10
3614;310;1110;9
3615;310;1120;8
3616;320;0;3
3617;320;10;3
3618;320;20;4
3619;320;30;2
3620;320;40;2
3621;320;50;4
3622;320;60;3
3623;320;70;4
3624;320;80;4
3625;320;90;4
3626;320;100;5
3627;320;110;5
3628;320;120;5
3629;320;130;7
3630;320;140;7
3631;320;150;14
3632;320;160;90
3633;320;170;90
3634;320;180;211
3635;320;190;210
3636;320;200;211
3637;320;210;211
3638;320;220;211
3639;320;230;210
3640;320;240;195
3641;320;250;198
3642;320;260;198
3643;320;270;201
3644;320;280;200
3645;320;290;205
3646;320;300;205
3647;320;310;205
3648;320;320;210
3649;320;330;214
3650;320;340;216
3651;320;350;217
3652;320;360;217
3653;320;370;218
3654;320;380;220
3655;320;390;219
3656;320;400;219
3657;320;410;221
3658;320;420;219
3659;320;430;222
3660;320;440;223
3661;320;450;224
3662;320;460;222
3663;320;470;224
3664;320;480;227
3665;320;490;227
3666;320;500;227
3667;320;510;227
3668;320;520;228
3669;320;530;227
3670;320;540;227
3671;320;550;227
3672;320;560;227
3673;320;570;227
3674;320;580;227
3675;320;590;225
3676;320;600;218
3677;320;610;219
3678;320;620;209
3679;320;630;210
3680;320;640;210
3681;320;650;6
3682;320;660;6
3683;320;670;7
3684;320;680;8
3685;320;690;7
3686;320;700;9
3687;320;710;9
3688;320;720;9
3689;320;730;9
3690;320;740;9
3691;320;750;8
3692;320;760;8
3693;320;770;10
3694;320;780;8
3695;320;790;9
3696;320;800;10
3697;320;810;9
3698;320;820;9
3699;320;830;10
3700;320;840;11
3701;320;850;10
3702;320;860;10
3703;320;870;10
3704;320;880;10
3705;320;890;9
3706;320;900;10
3707;320;910;8
3708;320;920;10
3709;320;930;10
3710;320;940;9
3711;320;950;8
3712;320;960;9
3713;320;970;10
3714;320;980;7
3715;320;990;10
3716;320;1000;10
3717;320;1010;10
3718;320;1020;10
3719;320;1030;10
3720;320;1040;10
3721;320;1050;9
3722;320;1060;9
3723;320;1070;9
3724;320;1080;10
3725;320;1090;8
3726;320;1100;9
3727;320;1110;8
3728;320;1120;8
3729;330;0;3
3730;330;10;3
3731;330;20;3
3732;330;30;2
3733;330;40;4
3734;330;50;4
3735;330;60;19
3736;330;70;19
3737;330;80;21
3738;330;90;4
3739;330;100;3
3740;330;110;5
3741;330;120;5
3742;330;130;5
3743;330;140;7
3744;330;150;16
3745;330;160;90
3746;330;170;212
3747;330;180;213
3748;330;190;212
3749;330;200;212
3750;330;210;213
3751;330;220;213
3752;330;230;211
3753;330;240;214
3754;330;250;213
3755;330;260;212
3756;330;270;215
3757;330;280;214
3758;330;290;215
3759;330;300;216
3760;330;310;216
3761;330;320;217
3762;330;330;217
3763;330;340;219
3764;330;350;218
3765;330;360;219
3766;330;370;221
3767;330;380;221
3768;330;390;222
3769;330;400;221
3770;330;410;222
3771;330;420;222
3772;330;430;224
3773;330;440;224
3774;330;450;225
3775;330;460;225
3776;330;470;227
3777;330;480;228
3778;330;490;228
3779;330;500;229
3780;330;510;229
3781;330;520;229
3782;330;530;229
3783;330;540;230
3784;330;550;229
3785;330;560;230
3786;330;570;229
3787;330;580;229
3788;330;590;220
3789;330;600;221
3790;330;610;212
3791;330;620;213
3792;330;630;206
3793;330;640;207
3794;330;650;207
3795;330;660;6
3796;330;670;7
3797;330;680;9
3798;330;690;8
3799;330;700;9
3800;330;710;9
3801;330;720;9
3802;330;730;9
3803;330;740;25
3804;330;750;25
3805;330;760;24
3806;330;770;8
3807;330;780;8
3808;330;790;8
3809;330;800;10
3810;330;810;10
3811;330;820;9
3812;330;830;10
3813;330;840;11
3814;330;850;26
3815;330;860;26
3816;330;870;9
3817;330;880;8
3818;330;890;9
3819;330;900;11
3820;330;910;9
3821;330;920;10
3822;330;930;10
3823;330;940;10
3824;330;950;9
3825;330;960;11
3826;330;970;26
3827;330;980;25
3828;330;990;9
3829;330;1000;9
3830;330;1010;11
3831;330;1020;11
3832;330;1030;10
3833;330;1040;11
3834;330;1050;9
3835;330;1060;10
3836;330;1070;26
3837;330;1080;26
3838;330;1090;26
3839;330;1100;9
3840;330;1110;25
3841;330;1120;9
3842;340;0;2
3843;340;10;3
3844;340;20;3
3845;340;30;3
3846;340;40;3
3847;340;50;9
3848;340;60;19
3849;340;70;21
3850;340;80;21
3851;340;90;22
3852;340;100;7
3853;340;110;5
3854;340;120;5
3855;340;130;7
3856;340;140;7
3857;340;150;16
3858;340;160;90
3859;340;170;214
3860;340;180;213
3861;340;190;212
3862;340;200;213
3863;340;210;214
3864;340;220;214
3865;340;230;212
3866;340;240;215
3867;340;250;214
3868;340;260;214
3869;340;270;214
3870;340;280;215
3871;340;290;215
3872;340;300;216
3873;340;310;216
3874;340;320;218
3875;340;330;218
3876;340;340;218
3877;340;350;220
3878;340;360;220
3879;340;370;220
3880;340;380;222
3881;340;390;222
3882;340;400;222
3883;340;410;223
3884;340;420;223
3885;340;430;224
3886;340;440;225
3887;340;450;227
3888;340;460;227
3889;340;470;227
3890;340;480;229
3891;340;490;229
3892;340;500;229
3893;340;510;229
3894;340;520;230
3895;340;530;230
3896;340;540;230
3897;340;550;229
3898;340;560;229
3899;340;570;230
3900;340;580;224
3901;340;590;221
3902;340;600;222
3903;340;610;214
3904;340;620;215
3905;340;630;207
3906;340;640;208
3907;340;650;208
3908;340;660;6
3909;340;670;7
3910;340;680;7
3911;340;690;7
3912;340;700;9
3913;340;710;9
3914;340;720;10
3915;340;730;8
3916;340;740;25
3917;340;750;24
3918;340;760;24
3919;340;770;8
3920;340;780;8
3921;340;790;7
3922;340;800;10
3923;340;810;10
3924;340;820;9
3925;340;830;10
3926;340;840;25
3927;340;850;26
3928;340;860;26
3929;340;870;9
3930;340;880;9
3931;340;890;10
3932;340;900;10
3933;340;910;9
3934;340;920;10
3935;340;930;10
3936;340;940;10
3937;340;950;25
3938;340;960;11
3939;340;970;26
3940;340;980;25
3941;340;990;8
3942;340;1000;9
3943;340;1010;11
3944;340;1020;10
3945;340;1030;11
3946;340;1040;12
3947;340;1050;10
3948;340;1060;26
3949;340;1070;26
3950;340;1080;26
3951;340;1090;27
3952;340;1100;10
3953;340;1110;25
3954;340;1120;9
3955;350;0;3
3956;350;10;2
3957;350;20;5
3958;350;30;3
3959;350;40;2
3960;350;50;7
3961;350;60;21
3962;350;70;22
3963;350;80;22
3964;350;90;21
3965;350;100;22
3966;350;110;5
3967;350;120;6
3968;350;130;7
3969;350;140;7
3970;350;150;19
3971;350;160;91
3972;350;170;214
3973;350;180;215
3974;350;190;213
3975;350;200;215
3976;350;210;214
3977;350;220;215
3978;350;230;214
3979;350;240;215
3980;350;250;215
3981;350;260;215
3982;350;270;217
3983;350;280;217
3984;350;290;217
3985;350;300;217
3986;350;310;219
3987;350;320;219
3988;350;330;219
3989;350;340;220
3990;350;350;220
3991;350;360;221
3992;350;370;222
3993;350;380;223
3994;350;390;222
3995;350;400;222
3996;350;410;224
3997;350;420;224
3998;350;430;227
3999;350;440;227
4000;350;450;227
4001;350;460;228
4002;350;470;228
4003;350;480;229
4004;350;490;230
4005;350;500;230
4006;350;510;230
4007;350;520;230
4008;350;530;231
4009;350;540;231
4010;350;550;230
4011;350;560;231
4012;350;570;231
4013;350;580;224
4014;350;590;222
4015;350;600;223
4016;350;610;216
4017;350;620;216
4018;350;630;211
4019;350;640;208
4020;350;650;6
4021;350;660;7
4022;350;670;9
4023;350;680;9
4024;350;690;7
4025;350;700;9
4026;350;710;9
4027;350;720;10
4028;350;730;25
4029;350;740;25
4030;350;750;24
4031;350;760;24
4032;350;770;26
4033;350;780;7
4034;350;790;8
4035;350;800;10
4036;350;810;10
4037;350;820;10
4038;350;830;10
4039;350;840;27
4040;350;850;27
4041;350;860;26
4042;350;870;27
4043;350;880;10
4044;350;890;9
4045;350;900;10
4046;350;910;9
4047;350;920;10
4048;350;930;10
4049;350;940;10
4050;350;950;25
4051;350;960;27
4052;350;970;27
4053;350;980;25
4054;350;990;7
4055;350;1000;8
4056;350;1010;10
4057;350;1020;10
4058;350;1030;11
4059;350;1040;11
4060;350;1050;26
4061;350;1060;26
4062;350;1070;26
4063;350;1080;27
4064;350;1090;27
4065;350;1100;27
4066;350;1110;25
4067;350;1120;8
4068;360;0;2
4069;360;10;2
4070;360;20;4
4071;360;30;3
4072;360;40;3
4073;360;50;21
4074;360;60;19
4075;360;70;21
4076;360;80;22
4077;360;90;21
4078;360;100;22
4079;360;110;5
4080;360;120;6
4081;360;130;7
4082;360;140;17
4083;360;150;17
4084;360;160;90
4085;360;170;214
4086;360;180;216
4087;360;190;215
4088;360;200;215
4089;360;210;216
4090;360;220;216
4091;360;230;215
4092;360;240;217
4093;360;250;216
4094;360;260;216
4095;360;270;217
4096;360;280;217
4097;360;290;218
4098;360;300;219
4099;360;310;219
4100;360;320;220
4101;360;330;220
4102;360;340;221
4103;360;350;222
4104;360;360;222
4105;360;370;222
4106;360;380;224
4107;360;390;223
4108;360;400;223
4109;360;410;225
4110;360;420;225
4111;360;430;227
4112;360;440;227
4113;360;450;228
4114;360;460;228
4115;360;470;229
4116;360;480;230
4117;360;490;231
4118;360;500;230
4119;360;510;231
4120;360;520;231
4121;360;530;231
4122;360;540;232
4123;360;550;231
4124;360;560;231
4125;360;570;231
4126;360;580;225
4127;360;590;223
4128;360;600;226
4129;360;610;219
4130;360;620;218
4131;360;630;210
4132;360;640;209
4133;360;650;8
4134;360;660;7
4135;360;670;7
4136;360;680;9
4137;360;690;8
4138;360;700;9
4139;360;710;9
4140;360;720;11
4141;360;730;24
4142;360;740;25
4143;360;750;25
4144;360;760;25
4145;360;770;26
4146;360;780;7
4147;360;790;8
4148;360;800;10
4149;360;810;11
4150;360;820;9
4151;360;830;11
4152;360;840;27
4153;360;850;26
4154;360;860;27
4155;360;870;26
4156;360;880;10
4157;360;890;9
4158;360;900;11
4159;360;910;9
4160;360;920;10
4161;360;930;10
4162;360;940;12
4163;360;950;25
4164;360;960;26
4165;360;970;27
4166;360;980;26
4167;360;990;8
4168;360;1000;9
4169;360;1010;10
4170;360;1020;10
4171;360;1030;10
4172;360;1040;11
4173;360;1050;27
4174;360;1060;26
4175;360;1070;26
4176;360;1080;27
4177;360;1090;26
4178;360;1100;27
4179;360;1110;25
4180;360;1120;9
4181;370;0;3
4182;370;10;3
4183;370;20;2
4184;370;30;3
4185;370;40;3
4186;370;50;6
4187;370;60;5
4188;370;70;21
4189;370;80;21
4190;370;90;21
4191;370;100;21
4192;370;110;5
4193;370;120;7
4194;370;130;6
4195;370;140;7
4196;370;150;18
4197;370;160;90
4198;370;170;217
4199;370;180;216
4200;370;190;215
4201;370;200;217
4202;370;210;216
4203;370;220;216
4204;370;230;216
4205;370;240;217
4206;370;250;217
4207;370;260;216
4208;370;270;218
4209;370;280;218
4210;370;290;218
4211;370;300;219
4212;370;310;219
4213;370;320;220
4214;370;330;220
4215;370;340;220
4216;370;350;222
4217;370;360;223
4218;370;370;223
4219;370;380;223
4220;370;390;222
4221;370;400;225
4222;370;410;225
4223;370;420;226
4224;370;430;228
4225;370;440;227
4226;370;450;228
4227;370;460;229
4228;370;470;229
4229;370;480;230
4230;370;490;230
4231;370;500;231
4232;370;510;231
4233;370;520;231
4234;370;530;231
4235;370;540;232
4236;370;550;232
4237;370;560;232
4238;370;570;232
4239;370;580;226
4240;370;590;224
4241;370;600;225
4242;370;610;219
4243;370;620;219
4244;370;630;210
4245;370;640;210
4246;370;650;8
4247;370;660;7
4248;370;670;8
4249;370;680;8
4250;370;690;8
4251;370;700;8
4252;370;710;9
4253;370;720;25
4254;370;730;25
4255;370;740;25
4256;370;750;25
4257;370;760;24
4258;370;770;25
4259;370;780;25
4260;370;790;8
4261;370;800;9
4262;370;810;9
4263;370;820;10
4264;370;830;10
4265;370;840;26
4266;370;850;26
4267;370;860;27
4268;370;870;26
4269;370;880;27
4270;370;890;8
4271;370;900;10
4272;370;910;8
4273;370;920;10
4274;370;930;10
4275;370;940;12
4276;370;950;24
4277;370;960;26
4278;370;970;26
4279;370;980;25
4280;370;990;8
4281;370;1000;8
4282;370;1010;10
4283;370;1020;10
4284;370;1030;10
4285;370;1040;9
4286;370;1050;8
4287;370;1060;26
4288;370;1070;25
4289;370;1080;26
4290;370;1090;25
4291;370;1100;10
4292;370;1110;25
4293;370;1120;7
4294;380;0;4
4295;380;10;4
4296;380;20;3
4297;380;30;3
4298;380;40;2
4299;380;50;4
4300;380;60;4
4301;380;70;5
4302;380;80;5
4303;380;90;4
4304;380;100;5
4305;380;110;5
4306;380;120;5
4307;380;130;6
4308;380;140;7
4309;380;150;6
4310;380;160;90
4311;380;170;22
4312;380;180;219
4313;380;190;218
4314;380;200;219
4315;380;210;220
4316;380;220;219
4317;380;230;218
4318;380;240;220
4319;380;250;220
4320;380;260;219
4321;380;270;220
4322;380;280;220
4323;380;290;221
4324;380;300;222
4325;380;310;222
4326;380;320;223
4327;380;330;222
4328;380;340;223
4329;380;350;224
4330;380;360;225
4331;380;370;226
4332;380;380;228
4333;380;390;37
4334;380;400;227
4335;380;410;230
4336;380;420;228
4337;380;430;229
4338;380;440;230
4339;380;450;230
4340;380;460;230
4341;380;470;231
4342;380;480;232
4343;380;490;233
4344;380;500;233
4345;380;510;234
4346;380;520;233
4347;380;530;233
4348;380;540;234
4349;380;550;234
4350;380;560;234
4351;380;570;234
4352;380;580;230
4353;380;590;230
4354;380;600;223
4355;380;610;223
4356;380;620;222
4357;380;630;214
4358;380;640;213
4359;380;650;206
4360;380;660;208
4361;380;670;5
4362;380;680;7
4363;380;690;8
4364;380;700;8
4365;380;710;8
4366;380;720;10
4367;380;730;10
4368;380;740;24
4369;380;750;9
4370;380;760;24
4371;380;770;10
4372;380;780;10
4373;380;790;8
4374;380;800;10
4375;380;810;10
4376;380;820;9
4377;380;830;11
4378;380;840;11
4379;380;850;25
4380;380;860;26
4381;380;870;24
4382;380;880;11
4383;380;890;10
4384;380;900;12
4385;380;910;9
4386;380;920;10
4387;380;930;10
4388;380;940;10
4389;380;950;9
4390;380;960;26
4391;380;970;27
4392;380;980;10
4393;380;990;10
4394;380;1000;10
4395;380;1010;10
4396;380;1020;11
4397;380;1030;10
4398;380;1040;10
4399;380;1050;12
4400;380;1060;26
4401;380;1070;26
4402;380;1080;27
4403;380;1090;26
4404;380;1100;27
4405;380;1110;25
4406;380;1120;9
4407;390;0;3
4408;390;10;3
4409;390;20;4
4410;390;30;3
4411;390;40;2
4412;390;50;5
4413;390;60;3
4414;390;70;5
4415;390;80;5
4416;390;90;5
4417;390;100;5
4418;390;110;5
4419;390;120;7
4420;390;130;6
4421;390;140;6
4422;390;150;20
4423;390;160;21
4424;390;170;220
4425;390;180;220
4426;390;190;219
4427;390;200;220
4428;390;210;221
4429;390;220;220
4430;390;230;219
4431;390;240;221
4432;390;250;220
4433;390;260;220
4434;390;270;221
4435;390;280;221
4436;390;290;222
4437;390;300;222
4438;390;310;223
4439;390;320;224
4440;390;330;224
4441;390;340;224
4442;390;350;225
4443;390;360;227
4444;390;370;225
4445;390;380;39
4446;390;390;39
4447;390;400;226
4448;390;410;229
4449;390;420;229
4450;390;430;231
4451;390;440;231
4452;390;450;231
4453;390;460;231
4454;390;470;231
4455;390;480;233
4456;390;490;234
4457;390;500;233
4458;390;510;234
4459;390;520;234
4460;390;530;234
4461;390;540;233
4462;390;550;233
4463;390;560;234
4464;390;570;234
4465;390;580;231
4466;390;590;230
4467;390;600;224
4468;390;610;224
4469;390;620;214
4470;390;630;215
4471;390;640;218
4472;390;650;208
4473;390;660;7
4474;390;670;7
4475;390;680;7
4476;390;690;7
4477;390;700;8
4478;390;710;9
4479;390;720;10
4480;390;730;9
4481;390;740;9
4482;390;750;9
4483;390;760;9
4484;390;770;26
4485;390;780;9
4486;390;790;8
4487;390;800;10
4488;390;810;10
4489;390;820;10
4490;390;830;10
4491;390;840;11
4492;390;850;10
4493;390;860;10
4494;390;870;25
4495;390;880;11
4496;390;890;10
4497;390;900;11
4498;390;910;9
4499;390;920;10
4500;390;930;10
4501;390;940;10
4502;390;950;9
4503;390;960;10
4504;390;970;24
4505;390;980;9
4506;390;990;10
4507;390;1000;10
4508;390;1010;11
4509;390;1020;11
4510;390;1030;11
4511;390;1040;11
4512;390;1050;9
4513;390;1060;11
4514;390;1070;25
4515;390;1080;26
4516;390;1090;26
4517;390;1100;25
4518;390;1110;9
4519;390;1120;8
4520;400;0;3
4521;400;10;3
4522;400;20;3
4523;400;30;2
4524;400;40;2
4525;400;50;4
4526;400;60;3
4527;400;70;4
4528;400;80;4
4529;400;90;5
4530;400;100;5
4531;400;110;4
4532;400;120;5
4533;400;130;5
4534;400;140;5
4535;400;150;6
4536;400;160;10
4537;400;170;9
4538;400;180;222
4539;400;190;220
4540;400;200;221
4541;400;210;222
4542;400;220;221
4543;400;230;220
4544;400;240;223
4545;400;250;222
4546;400;260;220
4547;400;270;222
4548;400;280;222
4549;400;290;222
4550;400;300;223
4551;400;310;224
4552;400;320;19
4553;400;330;20
4554;400;340;21
4555;400;350;21
4556;400;360;24
4557;400;370;39
4558;400;380;40
4559;400;390;39
4560;400;400;39
4561;400;410;42
4562;400;420;41
4563;400;430;43
4564;400;440;232
4565;400;450;232
4566;400;460;233
4567;400;470;233
4568;400;480;235
4569;400;490;235
4570;400;500;235
4571;400;510;235
4572;400;520;235
4573;400;530;235
4574;400;540;236
4575;400;550;235
4576;400;560;235
4577;400;570;236
4578;400;580;234
4579;400;590;233
4580;400;600;227
4581;400;610;227
4582;400;620;218
4583;400;630;218
4584;400;640;214
4585;400;650;210
4586;400;660;6
4587;400;670;6
4588;400;680;7
4589;400;690;7
4590;400;700;7
4591;400;710;8
4592;400;720;9
4593;400;730;8
4594;400;740;9
4595;400;750;8
4596;400;760;8
4597;400;770;10
4598;400;780;9
4599;400;790;8
4600;400;800;10
4601;400;810;10
4602;400;820;9
4603;400;830;10
4604;400;840;10
4605;400;850;10
4606;400;860;9
4607;400;870;11
4608;400;880;10
4609;400;890;10
4610;400;900;10
4611;400;910;8
4612;400;920;10
4613;400;930;11
4614;400;940;10
4615;400;950;7
4616;400;960;10
4617;400;970;10
4618;400;980;9
4619;400;990;10
4620;400;1000;10
4621;400;1010;10
4622;400;1020;11
4623;400;1030;10
4624;400;1040;10
4625;400;1050;10
4626;400;1060;9
4627;400;1070;10
4628;400;1080;10
4629;400;1090;9
4630;400;1100;10
4631;400;1110;9
4632;400;1120;9
4633;410;0;2
4634;410;10;3
4635;410;20;3
4636;410;30;1
4637;410;40;1
4638;410;50;4
4639;410;60;2
4640;410;70;3
4641;410;80;4
4642;410;90;4
4643;410;100;4
4644;410;110;5
4645;410;120;5
4646;410;130;5
4647;410;140;5
4648;410;150;6
4649;410;160;9
4650;410;170;15
4651;410;180;15
4652;410;190;219
4653;410;200;15
4654;410;210;221
4655;410;220;221
4656;410;230;219
4657;410;240;221
4658;410;250;16
4659;410;260;16
4660;410;270;17
4661;410;280;222
4662;410;290;17
4663;410;300;21
4664;410;310;18
4665;410;320;19
4666;410;330;19
4667;410;340;21
4668;410;350;22
4669;410;360;37
4670;410;370;38
4671;410;380;39
4672;410;390;39
4673;410;400;39
4674;410;410;42
4675;410;420;43
4676;410;430;232
4677;410;440;233
4678;410;450;233
4679;410;460;232
4680;410;470;233
4681;410;480;235
4682;410;490;234
4683;410;500;236
4684;410;510;236
4685;410;520;236
4686;410;530;235
4687;410;540;236
4688;410;550;235
4689;410;560;236
4690;410;570;234
4691;410;580;235
4692;410;590;227
4693;410;600;228
4694;410;610;227
4695;410;620;219
4696;410;630;219
4697;410;640;221
4698;410;650;211
4699;410;660;4
4700;410;670;5
4701;410;680;6
4702;410;690;6
4703;410;700;8
4704;410;710;8
4705;410;720;8
4706;410;730;8
4707;410;740;8
4708;410;750;7
4709;410;760;8
4710;410;770;9
4711;410;780;8
4712;410;790;8
4713;410;800;9
4714;410;810;9
4715;410;820;9
4716;410;830;9
4717;410;840;10
4718;410;850;9
4719;410;860;9
4720;410;870;10
4721;410;880;10
4722;410;890;8
4723;410;900;10
4724;410;910;7
4725;410;920;9
4726;410;930;10
4727;410;940;9
4728;410;950;7
4729;410;960;9
4730;410;970;9
4731;410;980;7
4732;410;990;8
4733;410;1000;9
4734;410;1010;10
4735;410;1020;10
4736;410;1030;10
4737;410;1040;9
4738;410;1050;8
4739;410;1060;9
4740;410;1070;8
4741;410;1080;9
4742;410;1090;9
4743;410;1100;9
4744;410;1110;8
4745;410;1120;7
4746;420;0;3
4747;420;10;2
4748;420;20;3
4749;420;30;2
4750;420;40;2
4751;420;50;3
4752;420;60;2
4753;420;70;5
4754;420;80;4
4755;420;90;4
4756;420;100;4
4757;420;110;4
4758;420;120;5
4759;420;130;5
4760;420;140;7
4761;420;150;7
4762;420;160;7
4763;420;170;8
4764;420;180;3
4765;420;190;2
4766;420;200;15
4767;420;210;15
4768;420;220;16
4769;420;230;14
4770;420;240;16
4771;420;250;16
4772;420;260;15
4773;420;270;17
4774;420;280;16
4775;420;290;16
4776;420;300;18
4777;420;310;17
4778;420;320;18
4779;420;330;18
4780;420;340;21
4781;420;350;21
4782;420;360;40
4783;420;370;40
4784;420;380;40
4785;420;390;40
4786;420;400;40
4787;420;410;44
4788;420;420;44
4789;420;430;235
4790;420;440;235
4791;420;450;235
4792;420;460;235
4793;420;470;236
4794;420;480;238
4795;420;490;239
4796;420;500;239
4797;420;510;240
4798;420;520;239
4799;420;530;239
4800;420;540;239
4801;420;550;238
4802;420;560;239
4803;420;570;239
4804;420;580;234
4805;420;590;231
4806;420;600;232
4807;420;610;223
4808;420;620;223
4809;420;630;217
4810;420;640;215
4811;420;650;13
4812;420;660;7
4813;420;670;6
4814;420;680;6
4815;420;690;7
4816;420;700;7
4817;420;710;8
4818;420;720;9
4819;420;730;8
4820;420;740;8
4821;420;750;9
4822;420;760;8
4823;420;770;10
4824;420;780;8
4825;420;790;9
4826;420;800;9
4827;420;810;9
4828;420;820;9
4829;420;830;10
4830;420;840;10
4831;420;850;10
4832;420;860;10
4833;420;870;9
4834;420;880;11
4835;420;890;10
4836;420;900;10
4837;420;910;8
4838;420;920;9
4839;420;930;11
4840;420;940;10
4841;420;950;8
4842;420;960;9
4843;420;970;10
4844;420;980;8
4845;420;990;9
4846;420;1000;9
4847;420;1010;10
4848;420;1020;10
4849;420;1030;10
4850;420;1040;10
4851;420;1050;8
4852;420;1060;10
4853;420;1070;8
4854;420;1080;10
4855;420;1090;8
4856;420;1100;10
4857;420;1110;8
4858;420;1120;7
4859;430;0;4
4860;430;10;3
4861;430;20;3
4862;430;30;2
4863;430;40;2
4864;430;50;4
4865;430;60;2
4866;430;70;5
4867;430;80;5
4868;430;90;3
4869;430;100;4
4870;430;110;5
4871;430;120;5
4872;430;130;7
4873;430;140;7
4874;430;150;7
4875;430;160;7
4876;430;170;7
4877;430;180;4
4878;430;190;3
4879;430;200;16
4880;430;210;16
4881;430;220;17
4882;430;230;15
4883;430;240;18
4884;430;250;17
4885;430;260;15
4886;430;270;17
4887;430;280;18
4888;430;290;17
4889;430;300;18
4890;430;310;18
4891;430;320;19
4892;430;330;18
4893;430;340;21
4894;430;350;21
4895;430;360;40
4896;430;370;40
4897;430;380;41
4898;430;390;41
4899;430;400;42
4900;430;410;45
4901;430;420;44
4902;430;430;235
4903;430;440;235
4904;430;450;236
4905;430;460;236
4906;430;470;238
4907;430;480;240
4908;430;490;239
4909;430;500;239
4910;430;510;240
4911;430;520;240
4912;430;530;240
4913;430;540;240
4914;430;550;239
4915;430;560;240
4916;430;570;240
4917;430;580;233
4918;430;590;232
4919;430;600;233
4920;430;610;224
4921;430;620;224
4922;430;630;217
4923;430;640;218
4924;430;650;6
4925;430;660;6
4926;430;670;7
4927;430;680;6
4928;430;690;7
4929;430;700;7
4930;430;710;9
4931;430;720;9
4932;430;730;8
4933;430;740;9
4934;430;750;8
4935;430;760;8
4936;430;770;10
4937;430;780;9
4938;430;790;9
4939;430;800;10
4940;430;810;10
4941;430;820;10
4942;430;830;10
4943;430;840;11
4944;430;850;10
4945;430;860;10
4946;430;870;10
4947;430;880;10
4948;430;890;10
4949;430;900;10
4950;430;910;9
4951;430;920;10
4952;430;930;11
4953;430;940;10
4954;430;950;8
4955;430;960;10
4956;430;970;9
4957;430;980;9
4958;430;990;9
4959;430;1000;9
4960;430;1010;11
4961;430;1020;10
4962;430;1030;10
4963;430;1040;10
4964;430;1050;9
4965;430;1060;10
4966;430;1070;9
4967;430;1080;10
4968;430;1090;10
4969;430;1100;9
4970;430;1110;9
4971;430;1120;9
4972;440;0;3
4973;440;10;3
4974;440;20;3
4975;440;30;3
4976;440;40;2
4977;440;50;5
4978;440;60;19
4979;440;70;20
4980;440;80;21
4981;440;90;3
4982;440;100;3
4983;440;110;5
4984;440;120;6
4985;440;130;7
4986;440;140;7
4987;440;150;8
4988;440;160;9
4989;440;170;8
4990;440;180;19
4991;440;190;18
4992;440;200;3
4993;440;210;3
4994;440;220;3
4995;440;230;3
4996;440;240;6
4997;440;250;5
4998;440;260;4
4999;440;270;5
5000;440;280;5
5001;440;290;21
5002;440;300;21
5003;440;310;22
5004;440;320;23
5005;440;330;22
5006;440;340;22
5007;440;350;20
5008;440;360;24
5009;440;370;44
5010;440;380;43
5011;440;390;45
5012;440;400;45
5013;440;410;46
5014;440;420;236
5015;440;430;239
5016;440;440;238
5017;440;450;240
5018;440;460;239
5019;440;470;241
5020;440;480;241
5021;440;490;241
5022;440;500;242
5023;440;510;242
5024;440;520;242
5025;440;530;242
5026;440;540;242
5027;440;550;243
5028;440;560;244
5029;440;570;243
5030;440;580;239
5031;440;590;238
5032;440;600;238
5033;440;610;228
5034;440;620;228
5035;440;630;221
5036;440;640;221
5037;440;650;17
5038;440;660;8
5039;440;670;7
5040;440;680;7
5041;440;690;7
5042;440;700;8
5043;440;710;8
5044;440;720;10
5045;440;730;9
5046;440;740;25
5047;440;750;24
5048;440;760;24
5049;440;770;8
5050;440;780;8
5051;440;790;9
5052;440;800;10
5053;440;810;10
5054;440;820;9
5055;440;830;11
5056;440;840;11
5057;440;850;12
5058;440;860;10
5059;440;870;8
5060;440;880;9
5061;440;890;10
5062;440;900;11
5063;440;910;9
5064;440;920;10
5065;440;930;10
5066;440;940;10
5067;440;950;8
5068;440;960;11
5069;440;970;9
5070;440;980;7
5071;440;990;9
5072;440;1000;9
5073;440;1010;11
5074;440;1020;10
5075;440;1030;10
5076;440;1040;10
5077;440;1050;9
5078;440;1060;11
5079;440;1070;10
5080;440;1080;10
5081;440;1090;9
5082;440;1100;9
5083;440;1110;9
5084;440;1120;9
5085;450;0;3
5086;450;10;2
5087;450;20;2
5088;450;30;2
5089;450;40;2
5090;450;50;4
5091;450;60;17
5092;450;70;19
5093;450;80;19
5094;450;90;21
5095;450;100;5
5096;450;110;5
5097;450;120;6
5098;450;130;7
5099;450;140;7
5100;450;150;7
5101;450;160;7
5102;450;170;6
5103;450;180;19
5104;450;190;17
5105;450;200;2
5106;450;210;3
5107;450;220;4
5108;450;230;2
5109;450;240;5
5110;450;250;5
5111;450;260;4
5112;450;270;5
5113;450;280;5
5114;450;290;21
5115;450;300;21
5116;450;310;21
5117;450;320;22
5118;450;330;22
5119;450;340;21
5120;450;350;19
5121;450;360;22
5122;450;370;42
5123;450;380;45
5124;450;390;45
5125;450;400;47
5126;450;410;46
5127;450;420;238
5128;450;430;238
5129;450;440;239
5130;450;450;240
5131;450;460;239
5132;450;470;240
5133;450;480;241
5134;450;490;241
5135;450;500;242
5136;450;510;241
5137;450;520;241
5138;450;530;242
5139;450;540;243
5140;450;550;243
5141;450;560;244
5142;450;570;244
5143;450;580;238
5144;450;590;238
5145;450;600;236
5146;450;610;228
5147;450;620;229
5148;450;630;222
5149;450;640;220
5150;450;650;9
5151;450;660;7
5152;450;670;5
5153;450;680;8
5154;450;690;7
5155;450;700;7
5156;450;710;8
5157;450;720;8
5158;450;730;8
5159;450;740;24
5160;450;750;23
5161;450;760;24
5162;450;770;7
5163;450;780;8
5164;450;790;8
5165;450;800;9
5166;450;810;9
5167;450;820;9
5168;450;830;9
5169;450;840;11
5170;450;850;25
5171;450;860;26
5172;450;870;8
5173;450;880;9
5174;450;890;9
5175;450;900;10
5176;450;910;7
5177;450;920;9
5178;450;930;10
5179;450;940;10
5180;450;950;8
5181;450;960;10
5182;450;970;25
5183;450;980;5
5184;450;990;7
5185;450;1000;8
5186;450;1010;10
5187;450;1020;10
5188;450;1030;10
5189;450;1040;9
5190;450;1050;8
5191;450;1060;11
5192;450;1070;24
5193;450;1080;9
5194;450;1090;25
5195;450;1100;8
5196;450;1110;8
5197;450;1120;8
5198;460;0;2
5199;460;10;3
5200;460;20;3
5201;460;30;3
5202;460;40;1
5203;460;50;21
5204;460;60;19
5205;460;70;21
5206;460;80;21
5207;460;90;22
5208;460;100;21
5209;460;110;5
5210;460;120;5
5211;460;130;4
5212;460;140;5
5213;460;150;5
5214;460;160;7
5215;460;170;19
5216;460;180;21
5217;460;190;19
5218;460;200;22
5219;460;210;21
5220;460;220;4
5221;460;230;3
5222;460;240;5
5223;460;250;5
5224;460;260;4
5225;460;270;5
5226;460;280;7
5227;460;290;22
5228;460;300;22
5229;460;310;23
5230;460;320;23
5231;460;330;23
5232;460;340;23
5233;460;350;49
5234;460;360;49
5235;460;370;49
5236;460;380;51
5237;460;390;50
5238;460;400;240
5239;460;410;241
5240;460;420;241
5241;460;430;242
5242;460;440;242
5243;460;450;243
5244;460;460;242
5245;460;470;244
5246;460;480;245
5247;460;490;246
5248;460;500;246
5249;460;510;246
5250;460;520;245
5251;460;530;246
5252;460;540;246
5253;460;550;246
5254;460;560;248
5255;460;570;248
5256;460;580;242
5257;460;590;242
5258;460;600;232
5259;460;610;233
5260;460;620;233
5261;460;630;228
5262;460;640;227
5263;460;650;220
5264;460;660;18
5265;460;670;14
5266;460;680;11
5267;460;690;7
5268;460;700;7
5269;460;710;8
5270;460;720;25
5271;460;730;25
5272;460;740;25
5273;460;750;26
5274;460;760;24
5275;460;770;26
5276;460;780;7
5277;460;790;7
5278;460;800;9
5279;460;810;10
5280;460;820;9
5281;460;830;10
5282;460;840;26
5283;460;850;26
5284;460;860;27
5285;460;870;26
5286;460;880;8
5287;460;890;9
5288;460;900;10
5289;460;910;8
5290;460;920;10
5291;460;930;10
5292;460;940;25
5293;460;950;25
5294;460;960;26
5295;460;970;27
5296;460;980;24
5297;460;990;8
5298;460;1000;8
5299;460;1010;10
5300;460;1020;10
5301;460;1030;10
5302;460;1040;11
5303;460;1050;26
5304;460;1060;27
5305;460;1070;27
5306;460;1080;27
5307;460;1090;27
5308;460;1100;10
5309;460;1110;8
5310;460;1120;8
5311;470;0;2
5312;470;10;3
5313;470;20;3
5314;470;30;3
5315;470;40;4
5316;470;50;5
5317;470;60;19
5318;470;70;19
5319;470;80;21
5320;470;90;21
5321;470;100;21
5322;470;110;7
5323;470;120;5
5324;470;130;4
5325;470;140;6
5326;470;150;4
5327;470;160;4
5328;470;170;21
5329;470;180;21
5330;470;190;19
5331;470;200;21
5332;470;210;22
5333;470;220;4
5334;470;230;3
5335;470;240;5
5336;470;250;5
5337;470;260;4
5338;470;270;5
5339;470;280;5
5340;470;290;22
5341;470;300;21
5342;470;310;24
5343;470;320;24
5344;470;330;24
5345;470;340;24
5346;470;350;49
5347;470;360;50
5348;470;370;51
5349;470;380;52
5350;470;390;52
5351;470;400;240
5352;470;410;242
5353;470;420;241
5354;470;430;242
5355;470;440;243
5356;470;450;243
5357;470;460;245
5358;470;470;243
5359;470;480;244
5360;470;490;246
5361;470;500;247
5362;470;510;247
5363;470;520;245
5364;470;530;246
5365;470;540;247
5366;470;550;247
5367;470;560;248
5368;470;570;248
5369;470;580;243
5370;470;590;242
5371;470;600;233
5372;470;610;234
5373;470;620;233
5374;470;630;227
5375;470;640;229
5376;470;650;219
5377;470;660;7
5378;470;670;5
5379;470;680;7
5380;470;690;7
5381;470;700;9
5382;470;710;9
5383;470;720;24
5384;470;730;25
5385;470;740;26
5386;470;750;25
5387;470;760;24
5388;470;770;27
5389;470;780;9
5390;470;790;8
5391;470;800;10
5392;470;810;10
5393;470;820;10
5394;470;830;11
5395;470;840;27
5396;470;850;26
5397;470;860;27
5398;470;870;26
5399;470;880;10
5400;470;890;9
5401;470;900;10
5402;470;910;9
5403;470;920;11
5404;470;930;10
5405;470;940;27
5406;470;950;25
5407;470;960;26
5408;470;970;26
5409;470;980;25
5410;470;990;10
5411;470;1000;8
5412;470;1010;11
5413;470;1020;10
5414;470;1030;11
5415;470;1040;11
5416;470;1050;25
5417;470;1060;26
5418;470;1070;26
5419;470;1080;27
5420;470;1090;26
5421;470;1100;12
5422;470;1110;9
5423;470;1120;9
5424;480;0;3
5425;480;10;2
5426;480;20;3
5427;480;30;2
5428;480;40;2
5429;480;50;3
5430;480;60;3
5431;480;70;5
5432;480;80;3
5433;480;90;3
5434;480;100;3
5435;480;110;4
5436;480;120;4
5437;480;130;5
5438;480;140;5
5439;480;150;3
5440;480;160;5
5441;480;170;5
5442;480;180;19
5443;480;190;17
5444;480;200;2
5445;480;210;4
5446;480;220;3
5447;480;230;2
5448;480;240;6
5449;480;250;4
5450;480;260;3
5451;480;270;5
5452;480;280;4
5453;480;290;5
5454;480;300;6
5455;480;310;6
5456;480;320;5
5457;480;330;7
5458;480;340;7
5459;480;350;8
5460;480;360;54
5461;480;370;53
5462;480;380;55
5463;480;390;244
5464;480;400;245
5465;480;410;245
5466;480;420;246
5467;480;430;247
5468;480;440;246
5469;480;450;247
5470;480;460;246
5471;480;470;248
5472;480;480;248
5473;480;490;248
5474;480;500;248
5475;480;510;249
5476;480;520;249
5477;480;530;248
5478;480;540;249
5479;480;550;248
5480;480;560;249
5481;480;570;249
5482;480;580;248
5483;480;590;248
5484;480;600;238
5485;480;610;239
5486;480;620;231
5487;480;630;231
5488;480;640;224
5489;480;650;224
5490;480;660;5
5491;480;670;5
5492;480;680;5
5493;480;690;6
5494;480;700;7
5495;480;710;7
5496;480;720;8
5497;480;730;9
5498;480;740;23
5499;480;750;24
5500;480;760;23
5501;480;770;26
5502;480;780;24
5503;480;790;8
5504;480;800;9
5505;480;810;9
5506;480;820;9
5507;480;830;10
5508;480;840;24
5509;480;850;24
5510;480;860;25
5511;480;870;26
5512;480;880;25
5513;480;890;9
5514;480;900;10
5515;480;910;8
5516;480;920;10
5517;480;930;10
5518;480;940;10
5519;480;950;7
5520;480;960;25
5521;480;970;26
5522;480;980;24
5523;480;990;24
5524;480;1000;25
5525;480;1010;10
5526;480;1020;10
5527;480;1030;9
5528;480;1040;10
5529;480;1050;25
5530;480;1060;26
5531;480;1070;25
5532;480;1080;26
5533;480;1090;25
5534;480;1100;26
5535;480;1110;7
5536;480;1120;8
5537;490;0;3
5538;490;10;3
5539;490;20;3
5540;490;30;2
5541;490;40;3
5542;490;50;3
5543;490;60;2
5544;490;70;4
5545;490;80;3
5546;490;90;4
5547;490;100;3
5548;490;110;5
5549;490;120;5
5550;490;130;5
5551;490;140;4
5552;490;150;4
5553;490;160;4
5554;490;170;4
5555;490;180;5
5556;490;190;3
5557;490;200;4
5558;490;210;3
5559;490;220;5
5560;490;230;3
5561;490;240;5
5562;490;250;5
5563;490;260;4
5564;490;270;5
5565;490;280;5
5566;490;290;4
5567;490;300;5
5568;490;310;7
5569;490;320;6
5570;490;330;7
5571;490;340;52
5572;490;350;53
5573;490;360;54
5574;490;370;55
5575;490;380;247
5576;490;390;245
5577;490;400;246
5578;490;410;247
5579;490;420;246
5580;490;430;247
5581;490;440;248
5582;490;450;248
5583;490;460;247
5584;490;470;247
5585;490;480;248
5586;490;490;248
5587;490;500;249
5588;490;510;249
5589;490;520;249
5590;490;530;249
5591;490;540;249
5592;490;550;249
5593;490;560;250
5594;490;570;250
5595;490;580;247
5596;490;590;248
5597;490;600;240
5598;490;610;239
5599;490;620;232
5600;490;630;231
5601;490;640;225
5602;490;650;226
5603;490;660;4
5604;490;670;5
5605;490;680;5
5606;490;690;5
5607;490;700;7
5608;490;710;7
5609;490;720;9
5610;490;730;8
5611;490;740;24
5612;490;750;8
5613;490;760;8
5614;490;770;9
5615;490;780;8
5616;490;790;7
5617;490;800;10
5618;490;810;9
5619;490;820;8
5620;490;830;10
5621;490;840;9
5622;490;850;25
5623;490;860;25
5624;490;870;10
5625;490;880;10
5626;490;890;9
5627;490;900;11
5628;490;910;8
5629;490;920;9
5630;490;930;10
5631;490;940;9
5632;490;950;8
5633;490;960;25
5634;490;970;27
5635;490;980;7
5636;490;990;25
5637;490;1000;8
5638;490;1010;10
5639;490;1020;10
5640;490;1030;10
5641;490;1040;10
5642;490;1050;24
5643;490;1060;26
5644;490;1070;25
5645;490;1080;26
5646;490;1090;26
5647;490;1100;27
5648;490;1110;8
5649;490;1120;8
5650;500;0;3
5651;500;10;3
5652;500;20;2
5653;500;30;1
5654;500;40;2
5655;500;50;4
5656;500;60;3
5657;500;70;4
5658;500;80;5
5659;500;90;4
5660;500;100;3
5661;500;110;4
5662;500;120;5
5663;500;130;4
5664;500;140;5
5665;500;150;4
5666;500;160;3
5667;500;170;4
5668;500;180;4
5669;500;190;3
5670;500;200;3
5671;500;210;5
5672;500;220;4
5673;500;230;3
5674;500;240;5
5675;500;250;3
5676;500;260;3
5677;500;270;4
5678;500;280;4
5679;500;290;5
5680;500;300;5
5681;500;310;6
5682;500;320;7
5683;500;330;5
5684;500;340;53
5685;500;350;54
5686;500;360;55
5687;500;370;55
5688;500;380;247
5689;500;390;247
5690;500;400;245
5691;500;410;246
5692;500;420;246
5693;500;430;248
5694;500;440;248
5695;500;450;248
5696;500;460;247
5697;500;470;247
5698;500;480;249
5699;500;490;248
5700;500;500;249
5701;500;510;250
5702;500;520;249
5703;500;530;250
5704;500;540;250
5705;500;550;249
5706;500;560;250
5707;500;570;249
5708;500;580;247
5709;500;590;248
5710;500;600;240
5711;500;610;241
5712;500;620;232
5713;500;630;232
5714;500;640;226
5715;500;650;223
5716;500;660;4
5717;500;670;5
5718;500;680;5
5719;500;690;6
5720;500;700;6
5721;500;710;7
5722;500;720;9
5723;500;730;7
5724;500;740;9
5725;500;750;8
5726;500;760;8
5727;500;770;8
5728;500;780;7
5729;500;790;8
5730;500;800;9
5731;500;810;8
5732;500;820;8
5733;500;830;9
5734;500;840;9
5735;500;850;10
5736;500;860;24
5737;500;870;9
5738;500;880;10
5739;500;890;8
5740;500;900;10
5741;500;910;7
5742;500;920;9
5743;500;930;9
5744;500;940;9
5745;500;950;6
5746;500;960;11
5747;500;970;24
5748;500;980;8
5749;500;990;7
5750;500;1000;9
5751;500;1010;10
5752;500;1020;9
5753;500;1030;10
5754;500;1040;9
5755;500;1050;7
5756;500;1060;25
5757;500;1070;23
5758;500;1080;25
5759;500;1090;24
5760;500;1100;10
5761;500;1110;7
5762;500;1120;8
5763;510;0;3
5764;510;10;2
5765;510;20;3
5766;510;30;1
5767;510;40;1
5768;510;50;4
5769;510;60;2
5770;510;70;3
5771;510;80;3
5772;510;90;4
5773;510;100;5
5774;510;110;3
5775;510;120;4
5776;510;130;4
5777;510;140;3
5778;510;150;3
5779;510;160;4
5780;510;170;4
5781;510;180;4
5782;510;190;3
5783;510;200;4
5784;510;210;4
5785;510;220;4
5786;510;230;3
5787;510;240;4
5788;510;250;4
5789;510;260;3
5790;510;270;5
5791;510;280;5
5792;510;290;5
5793;510;300;6
5794;510;310;6
5795;510;320;5
5796;510;330;7
5797;510;340;7
5798;510;350;7
5799;510;360;8
5800;510;370;10
5801;510;380;250
5802;510;390;250
5803;510;400;249
5804;510;410;250
5805;510;420;249
5806;510;430;250
5807;510;440;252
5808;510;450;251
5809;510;460;252
5810;510;470;251
5811;510;480;252
5812;510;490;252
5813;510;500;252
5814;510;510;253
5815;510;520;253
5816;510;530;252
5817;510;540;253
5818;510;550;253
5819;510;560;254
5820;510;570;253
5821;510;580;253
5822;510;590;246
5823;510;600;248
5824;510;610;248
5825;510;620;239
5826;510;630;232
5827;510;640;231
5828;510;650;2
5829;510;660;4
5830;510;670;4
5831;510;680;4
5832;510;690;5
5833;510;700;5
5834;510;710;7
5835;510;720;7
5836;510;730;7
5837;510;740;8
5838;510;750;7
5839;510;760;7
5840;510;770;9
5841;510;780;7
5842;510;790;6
5843;510;800;8
5844;510;810;8
5845;510;820;8
5846;510;830;8
5847;510;840;9
5848;510;850;9
5849;510;860;9
5850;510;870;10
5851;510;880;9
5852;510;890;8
5853;510;900;10
5854;510;910;7
5855;510;920;8
5856;510;930;9
5857;510;940;8
5858;510;950;7
5859;510;960;9
5860;510;970;9
5861;510;980;8
5862;510;990;9
5863;510;1000;8
5864;510;1010;9
5865;510;1020;8
5866;510;1030;8
5867;510;1040;9
5868;510;1050;7
5869;510;1060;9
5870;510;1070;9
5871;510;1080;8
5872;510;1090;8
5873;510;1100;8
5874;510;1110;8
5875;510;1120;7
5876;520;0;2
5877;520;10;2
5878;520;20;2
5879;520;30;1
5880;520;40;1
5881;520;50;4
5882;520;60;2
5883;520;70;3
5884;520;80;4
5885;520;90;3
5886;520;100;3
5887;520;110;3
5888;520;120;4
5889;520;130;4
5890;520;140;3
5891;520;150;4
5892;520;160;3
5893;520;170;3
5894;520;180;3
5895;520;190;3
5896;520;200;3
5897;520;210;5
5898;520;220;4
5899;520;230;3
5900;520;240;5
5901;520;250;3
5902;520;260;3
5903;520;270;4
5904;520;280;5
5905;520;290;5
5906;520;300;6
5907;520;310;6
5908;520;320;6
5909;520;330;7
5910;520;340;8
5911;520;350;8
5912;520;360;9
5913;520;370;8
5914;520;380;250
5915;520;390;250
5916;520;400;251
5917;520;410;250
5918;520;420;250
5919;520;430;251
5920;520;440;251
5921;520;450;252
5922;520;460;252
5923;520;470;253
5924;520;480;253
5925;520;490;254
5926;520;500;254
5927;520;510;254
5928;520;520;254
5929;520;530;254
5930;520;540;254
5931;520;550;253
5932;520;560;255
5933;520;570;254
5934;520;580;254
5935;520;590;247
5936;520;600;248
5937;520;610;247
5938;520;620;241
5939;520;630;233
5940;520;640;232
5941;520;650;2
5942;520;660;4
5943;520;670;4
5944;520;680;5
5945;520;690;4
5946;520;700;6
5947;520;710;7
5948;520;720;8
5949;520;730;7
5950;520;740;8
5951;520;750;7
5952;520;760;8
5953;520;770;8
5954;520;780;8
5955;520;790;7
5956;520;800;9
5957;520;810;8
5958;520;820;8
5959;520;830;9
5960;520;840;9
5961;520;850;9
5962;520;860;10
5963;520;870;9
5964;520;880;10
5965;520;890;9
5966;520;900;9
5967;520;910;7
5968;520;920;8
5969;520;930;10
5970;520;940;8
5971;520;950;7
5972;520;960;9
5973;520;970;8
5974;520;980;7
5975;520;990;8
5976;520;1000;9
5977;520;1010;9
5978;520;1020;9
5979;520;1030;10
5980;520;1040;9
5981;520;1050;8
5982;520;1060;9
5983;520;1070;8
5984;520;1080;9
5985;520;1090;9
5986;520;1100;9
5987;520;1110;7
5988;520;1120;8
5989;530;0;3
5990;530;10;2
5991;530;20;2
5992;530;30;2
5993;530;40;1
5994;530;50;4
5995;530;60;3
5996;530;70;5
5997;530;80;5
5998;530;90;4
5999;530;100;3
6000;530;110;4
6001;530;120;5
6002;530;130;4
6003;530;140;3
6004;530;150;4
6005;530;160;4
6006;530;170;3
6007;530;180;4
6008;530;190;3
6009;530;200;4
6010;530;210;5
6011;530;220;3
6012;530;230;2
6013;530;240;5
6014;530;250;4
6015;530;260;3
6016;530;270;6
6017;530;280;5
6018;530;290;6
6019;530;300;7
6020;530;310;7
6021;530;320;7
6022;530;330;8
6023;530;340;8
6024;530;350;9
6025;530;360;8
6026;530;370;252
6027;530;380;255
6028;530;390;253
6029;530;400;253
6030;530;410;254
6031;530;420;253
6032;530;430;254
6033;530;440;255
6034;530;450;255
6035;530;460;256
6036;530;470;256
6037;530;480;256
6038;530;490;256
6039;530;500;257
6040;530;510;256
6041;530;520;256
6042;530;530;257
6043;530;540;257
6044;530;550;257
6045;530;560;258
6046;530;570;257
6047;530;580;257
6048;530;590;250
6049;530;600;252
6050;530;610;252
6051;530;620;243
6052;530;630;235
6053;530;640;235
6054;530;650;3
6055;530;660;3
6056;530;670;5
6057;530;680;5
6058;530;690;5
6059;530;700;6
6060;530;710;7
6061;530;720;7
6062;530;730;8
6063;530;740;8
6064;530;750;6
6065;530;760;8
6066;530;770;8
6067;530;780;8
6068;530;790;7
6069;530;800;9
6070;530;810;8
6071;530;820;8
6072;530;830;9
6073;530;840;9
6074;530;850;9
6075;530;860;9
6076;530;870;9
6077;530;880;10
6078;530;890;8
6079;530;900;9
6080;530;910;8
6081;530;920;8
6082;530;930;10
6083;530;940;9
6084;530;950;7
6085;530;960;10
6086;530;970;8
6087;530;980;8
6088;530;990;8
6089;530;1000;9
6090;530;1010;9
6091;530;1020;9
6092;530;1030;9
6093;530;1040;8
6094;530;1050;8
6095;530;1060;8
6096;530;1070;7
6097;530;1080;9
6098;530;1090;8
6099;530;1100;9
6100;530;1110;8
6101;530;1120;8
6102;540;0;2
6103;540;10;2
6104;540;20;2
6105;540;30;1
6106;540;40;1
6107;540;50;3
6108;540;60;1
6109;540;70;3
6110;540;80;3
6111;540;90;3
6112;540;100;3
6113;540;110;4
6114;540;120;3
6115;540;130;3
6116;540;140;4
6117;540;150;3
6118;540;160;3
6119;540;170;4
6120;540;180;4
6121;540;190;3
6122;540;200;3
6123;540;210;3
6124;540;220;3
6125;540;230;2
6126;540;240;4
6127;540;250;4
6128;540;260;4
6129;540;270;5
6130;540;280;5
6131;540;290;5
6132;540;300;6
6133;540;310;7
6134;540;320;7
6135;540;330;7
6136;540;340;8
6137;540;350;8
6138;540;360;253
6139;540;370;254
6140;540;380;254
6141;540;390;254
6142;540;400;255
6143;540;410;255
6144;540;420;254
6145;540;430;256
6146;540;440;256
6147;540;450;256
6148;540;460;256
6149;540;470;257
6150;540;480;258
6151;540;490;257
6152;540;500;257
6153;540;510;258
6154;540;520;258
6155;540;530;259
6156;540;540;258
6157;540;550;259
6158;540;560;259
6159;540;570;259
6160;540;580;253
6161;540;590;252
6162;540;600;254
6163;540;610;254
6164;540;620;245
6165;540;630;236
6166;540;640;235
6167;540;650;3
6168;540;660;3
6169;540;670;5
6170;540;680;5
6171;540;690;5
6172;540;700;7
6173;540;710;5
6174;540;720;8
6175;540;730;7
6176;540;740;7
6177;540;750;8
6178;540;760;7
6179;540;770;8
6180;540;780;8
6181;540;790;7
6182;540;800;8
6183;540;810;8
6184;540;820;8
6185;540;830;8
6186;540;840;9
6187;540;850;9
6188;540;860;8
6189;540;870;9
6190;540;880;8
6191;540;890;10
6192;540;900;9
6193;540;910;7
6194;540;920;8
6195;540;930;8
6196;540;940;9
6197;540;950;7
6198;540;960;8
6199;540;970;8
6200;540;980;6
6201;540;990;7
6202;540;1000;8
6203;540;1010;8
6204;540;1020;9
6205;540;1030;8
6206;540;1040;7
6207;540;1050;6
6208;540;1060;8
6209;540;1070;7
6210;540;1080;7
6211;540;1090;7
6212;540;1100;7
6213;540;1110;7
6214;540;1120;6
6215;550;0;1
6216;550;10;1
6217;550;20;1
6218;550;30;1
6219;550;40;0
6220;550;50;2
6221;550;60;1
6222;550;70;2
6223;550;80;2
6224;550;90;2
6225;550;100;2
6226;550;110;3
6227;550;120;3
6228;550;130;4
6229;550;140;3
6230;550;150;3
6231;550;160;3
6232;550;170;3
6233;550;180;4
6234;550;190;1
6235;550;200;3
6236;550;210;2
6237;550;220;3
6238;550;230;2
6239;550;240;4
6240;550;250;3
6241;550;260;3
6242;550;270;4
6243;550;280;4
6244;550;290;4
6245;550;300;4
6246;550;310;7
6247;550;320;6
6248;550;330;6
6249;550;340;7
6250;550;350;7
6251;550;360;254
6252;550;370;256
6253;550;380;257
6254;550;390;255
6255;550;400;255
6256;550;410;255
6257;550;420;256
6258;550;430;256
6259;550;440;257
6260;550;450;257
6261;550;460;257
6262;550;470;257
6263;550;480;259
6264;550;490;259
6265;550;500;259
6266;550;510;259
6267;550;520;259
6268;550;530;259
6269;550;540;259
6270;550;550;260
6271;550;560;261
6272;550;570;260
6273;550;580;254
6274;550;590;251
6275;550;600;253
6276;550;610;253
6277;550;620;247
6278;550;630;247
6279;550;640;241
6280;550;650;4
6281;550;660;3
6282;550;670;4
6283;550;680;5
6284;550;690;4
6285;550;700;5
6286;550;710;6
6287;550;720;6
6288;550;730;7
6289;550;740;7
6290;550;750;7
6291;550;760;5
6292;550;770;8
6293;550;780;6
6294;550;790;7
6295;550;800;8
6296;550;810;7
6297;550;820;7
6298;550;830;8
6299;550;840;8
6300;550;850;8
6301;550;860;7
6302;550;870;7
6303;550;880;8
6304;550;890;8
6305;550;900;8
6306;550;910;7
6307;550;920;8
6308;550;930;8
6309;550;940;8
6310;550;950;6
6311;550;960;8
6312;550;970;9
6313;550;980;5
6314;550;990;7
6315;550;1000;7
6316;550;1010;7
6317;550;1020;8
6318;550;1030;8
6319;550;1040;8
6320;550;1050;7
6321;550;1060;8
6322;550;1070;7
6323;550;1080;7
6324;550;1090;7
6325;550;1100;7
6326;550;1110;6
6327;550;1120;6
6328;560;0;1
6329;560;10;1
6330;560;20;2
6331;560;30;1
6332;560;40;5
6333;560;50;4
6334;560;60;16
6335;560;70;19
6336;560;80;18
6337;560;90;1
6338;560;100;1
6339;560;110;3
6340;560;120;4
6341;560;130;3
6342;560;140;3
6343;560;150;4
6344;560;160;3
6345;560;170;19
6346;560;180;19
6347;560;190;17
6348;560;200;19
6349;560;210;20
6350;560;220;21
6351;560;230;3
6352;560;240;6
6353;560;250;4
6354;560;260;21
6355;560;270;22
6356;560;280;22
6357;560;290;23
6358;560;300;24
6359;560;310;24
6360;560;320;24
6361;560;330;24
6362;560;340;25
6363;560;350;261
6364;560;360;260
6365;560;370;261
6366;560;380;262
6367;560;390;261
6368;560;400;261
6369;560;410;262
6370;560;420;262
6371;560;430;262
6372;560;440;263
6373;560;450;262
6374;560;460;262
6375;560;470;264
6376;560;480;264
6377;560;490;264
6378;560;500;264
6379;560;510;264
6380;560;520;265
6381;560;530;265
6382;560;540;265
6383;560;550;264
6384;560;560;266
6385;560;570;266
6386;560;580;266
6387;560;590;260
6388;560;600;261
6389;560;610;262
6390;560;620;254
6391;560;630;245
6392;560;640;244
6393;560;650;19
6394;560;660;21
6395;560;670;21
6396;560;680;5
6397;560;690;5
6398;560;700;7
6399;560;710;7
6400;560;720;7
6401;560;730;23
6402;560;740;23
6403;560;750;22
6404;560;760;23
6405;560;770;6
6406;560;780;7
6407;560;790;7
6408;560;800;9
6409;560;810;7
6410;560;820;7
6411;560;830;8
6412;560;840;24
6413;560;850;24
6414;560;860;24
6415;560;870;8
6416;560;880;8
6417;560;890;8
6418;560;900;9
6419;560;910;7
6420;560;920;8
6421;560;930;8
6422;560;940;8
6423;560;950;23
6424;560;960;10
6425;560;970;24
6426;560;980;5
6427;560;990;7
6428;560;1000;7
6429;560;1010;8
6430;560;1020;8
6431;560;1030;9
6432;560;1040;9
6433;560;1050;6
6434;560;1060;25
6435;560;1070;24
6436;560;1080;24
6437;560;1090;24
6438;560;1100;7
6439;560;1110;6
6440;560;1120;7
6441;570;0;2
6442;570;10;2
6443;570;20;3
6444;570;30;4
6445;570;40;0
6446;570;50;19
6447;570;60;18
6448;570;70;19
6449;570;80;19
6450;570;90;20
6451;570;100;21
6452;570;110;3
6453;570;120;3